sku,product_name,regular_price,stock_quantity,stock_status,product_type,product_status,product_categories,tags,weight,length_mm,width_mm,height_mm,_acf_power_watts,_acf_cc_cv_type,_acf_dimming_type,_acf_output_current_ma,_acf_ip_protection,_acf_series_type,_acf_manufacturer_brand,_acf_manufacturer_part_number,_acf_dimensions_length_mm,_acf_dimensions_width_mm,_acf_dimensions_height_mm,_acf_dimension_category,_acf_input_voltage
1100007200,LED Converter IT FIT 7/220-240/700 CS l ON/OFF,10.0,0,outofstock,simple,publish,LED Treiber,CONVERTER MA,,104,30,26,7,cc,not_dimmable,700mA,,it_fit,Osram/Ledvance,4062172199285 | IT FIT 7/220-240/700 CS,104,30,26,compact,220_240v_ac
1100010200,LED Converter LC 10W 150-400mA flexC SC EXC,28.0,3,instock,simple,publish,LED Treiber,CONVERTER MA TRIDONIC,,97,43,30,10,cc,,150-400mA,,lc,Tridonic,28000704 + 2x 28001699,97,43,30,compact,220_240v_ac
1100015200,LED Converter OT FIT 15/220-240/350 CS S ON/OFF,9.0,57,instock,simple,publish,LED Treiber,CONVERTER MA,,87,35,22,15,cc,not_dimmable,350mA,,ot_fit,Osram/Ledvance,6937186133946 | OT FIT 15/220-240/350 CS S MINI,87,35,22,compact,220_240v_ac
1100017200,LED Converter LC 17W 250-700mA flexC SC EXC,29.0,6,instock,simple,publish,LED Treiber,CONVERTER MA,,97,43,30,17,cc,,250-700mA,,lc,Tridonic,28000705 + 2x 28001699,97,43,30,compact,220_240v_ac
1100019201,LED Converter LC 19W 200-350mA Ip SNC4,7.0,0,outofstock,simple,publish,LED Treiber,CONVERTER MA,,180,30,21,19,cc,,200-350mA,,lc,Tridonic,28004120,180,30,21,medium,220_240v_ac
1100021200,LED Converter FLS 21W 150mA-500mA,16.0,0,outofstock,simple,publish,LED Treiber,CONVERTER MA SIMPEX,,97,43,30,21,cc,,150mA,,fls,Simpex,FLS-21-500 LD,97,43,30,compact,220_240v_ac
1100025201,LED Converter LC 25W 350-600mA NFC INTRACK w,30.0,0,outofstock,simple,publish,LED Treiber,CONVERTER MA,,231,32,43,25,cc,nfc,350-600mA,,lc,Tridonic,87500819,231,32,43,medium,220_240v_ac
1100025202,LED Converter LC 25W 350-1050mA flexC SC EXC,32.0,5,instock,simple,publish,LED Treiber,CONVERTER MA TRIDONIC,,97,43,30,25,cc,,350-1050mA,,lc,Tridonic,28000706 + 2x 28001699,97,43,30,compact,220_240v_ac
1100025203,LED Converter 5-25W 150-500mA,51.2,56,instock,simple,publish,LED Treiber,CONVERTER MA QUICK-FIX DOTLUX,,280,30,21,25,cc,,150-500mA,,other,Dotlux,5136,280,30,21,large,220_240v_ac
1100025500,LED Converter SLIM 25W 350mA-500mA,43.0,16,instock,simple,publish,LED Treiber,CONVERTER MA | TCI SUPERSLIM,,299,19.6,12.9,25,cc,,350mA,,other,TCI,127330,299,19.6,12.9,large,220_240v_ac
1100028200,LED Converter 16-28W 400-700mA,30.0,0,outofstock,simple,publish,LED Treiber,CONVERTER DOTLUX,,170,63,29,28,cc,,400-700mA,,other,Dotlux,5333,170,63,29,medium,220_240v_ac
1100035201,LED Converter LC 35W 200-350mA Ip SNC3,9.0,1,instock,simple,publish,LED Treiber,CONVERTER MA TRIDONIC,,230,30,21,35,cc,,200-350mA,,lc,Tridonic,28003376,230,30,21,medium,220_240v_ac
1100035202,LED Converter FMS 35W 300mA-700mA,16.0,120,instock,simple,publish,LED Treiber,CONVERTER MA SIMPEX,,220,30,21,35,cc,,300mA,,fms,Simpex,FMS-35-700 LD,220,30,21,medium,220_240v_ac
1100038200,LED Converter 38W 300mA-1050mA PROFESSIONALE SQUARE NFC,35.0,46,instock,simple,publish,LED Treiber,CONVERTER MA PROFESSIONALE SQUARE NFC,,69,54,30,38,cc,nfc,300mA,,other,BAG Electronics,142024,69,54,30,compact,220_240v_ac
1100040200,LED Converter LC 40W 500-1050mA NFC INTRACK ws,32.0,15,instock,simple,publish,LED Treiber,CONVERTER MA,,231,32,43,40,cc,nfc,500-1050mA,,lc,Tridonic,87500820,231,32,43,medium,220_240v_ac
1100040201,LED Converter LC 40W 500-1050mA NFC INTRACK sw,28.0,15,instock,simple,publish,LED Treiber,CONVERTER MA,,231,32,43,40,cc,nfc,500-1050mA,,lc,Tridonic,87500792,231,32,43,medium,220_240v_ac
1100040202,LED Converter LC 40W 500-1050mA NFC INTRACK gr,32.0,0,outofstock,simple,publish,LED Treiber,CONVERTER MA,,231,32,43,40,cc,nfc,500-1050mA,,lc,Tridonic,87500907,231,32,43,medium,220_240v_ac
1100040203,LED Converter LC 40W 500-1050mA flexC T-B ADV INTRACK sw,32.0,20,instock,simple,publish,LED Treiber,CONVERTER MA,,231,32,43,40,cc,,500-1050mA,,lc,Tridonic,87500791,231,32,43,medium,220_240v_ac
1100050203,LED Converter 15-50W 350-1400mA,51.2,72,instock,simple,publish,LED Treiber,CONVERTER MA QUICK-FIXDC DOTLUX,,280,30,21,50,cc,,350-1400mA,,other,Dotlux,5043,280,30,21,large,220_240v_ac
1100055200,LED Converter FMS 55W 800mA-1050mA,26.0,83,instock,simple,publish,LED Treiber,CONVERTER MA SIMPEX,,220,30,21,55,cc,,800mA,,fms,Simpex,FMS-55-1050 LD,220,30,21,medium,220_240v_ac
1100060200,LED Converter LC 60W 150-550mA flexC NF h16 EXC4,22.0,0,outofstock,simple,publish,LED Treiber,CONVERTER MA,,280,30,16.3,60,cc,,150-550mA,,lc,Tridonic,28005035,280,30,16.3,large,220_240v_ac
1100065200,LED Converter LC 65W 200-350mA Ip SNC4,14.0,23,instock,simple,publish,LED Treiber,CONVERTER MA,,230,30,21,65,cc,,200-350mA,,lc,Tridonic,87500995,230,30,21,medium,220_240v_ac
1100075200,LED Converter OT FIT 75/220...240/700 D LT2 ON/OFF,29.0,0,outofstock,simple,publish,LED Treiber,CONVERTER MA,,360,30,11,75,cc,not_dimmable,700mA,,ot_fit,Osram/Ledvance,4052899590984 | OT FIT 75/220-240/700 D LT2 UF L,360,30,11,large,220_240v_ac
1100080201,LED Converter SLIM 80W 350mA-500mA,1.0,0,outofstock,simple,publish,LED Treiber,CONVERTER MA | TCI MP80/500,,280,30,21,80,cc,,350mA,,other,TCI,122214I,280,30,21,large,220_240v_ac
1100240600,LED Converter XLG 350mA-1050mA 240W | 178V- 342V,69.0,1,instock,simple,publish,LED Treiber,CONVERTER MA SIMPEX,,119,63,35.5,240,cc,,350mA,,other,Simpex,XLG-240-L-A,119,63,35.5,compact,220_240v_ac
1101008200,LED Converter LC 8W 180mA fixC SR SNC2,7.0,0,outofstock,simple,publish,LED Treiber,CONVERTER MA,,100,43,22.5,8,cc,,180mA,,lc,Tridonic,87500799,100,43,22.5,compact,220_240v_ac
1103003201,LED Converter 1-3W 350mA,44.0,0,outofstock,simple,publish,LED Treiber,CONVERTER MA,,60,35,21,3,cc,,350mA,,other,BAG Electronics,367127 / A13350VL,60,35,21,compact,220_240v_ac
1103003202,LED Converter 1-3.2W 350mA ON/OFF,38.0,0,outofstock,simple,publish,LED Treiber,CONVERTER MA BRUMBERG,,52,30,23,3.2,cc,not_dimmable,350mA,,other,Eaglerise,17665000,52,30,23,compact,220_240v_ac
1103003600,LED Converter 1-3W 350mA | IP65,53.0,0,outofstock,simple,publish,LED Treiber,CONVERTER MA,,,,,3,cc,,350mA,IP65,other,BAG Electronics,373547 5.0635.65.03,,,,,220_240v_ac
1103004600,LED Converter 4W 350mA ON/OFF | IP68,29.0,0,outofstock,simple,publish,LED Treiber,CONVERTER MA UNEX,,79,43.5,25.5,4,cc,not_dimmable,350mA,IP68,other,Boke,27440-350-05,79,43.5,25.5,compact,220_240v_ac
1103006200,LED Converter 2-6W 350mA,56.0,0,outofstock,simple,publish,LED Treiber,CONVERTER MA,,,,,6,cc,,350mA,,other,BAG Electronics,357077 / A16350QL,,,,,220_240v_ac
1103006201,LED Converter 2-6W 350mA,63.0,0,outofstock,simple,publish,LED Treiber,CONVERTER MA,,,,,6,cc,,350mA,,other,,357256,,,,,220_240v_ac
1103007200,LED Converter 1-7.2W 350mA ON/OFF,31.0,112,instock,simple,publish,LED Treiber,CONVERTER MA BRUMBERG,,68,35,21,7.2,cc,not_dimmable,350mA,,other,Eaglerise,17662000,68,35,21,compact,220_240v_ac
1103008500,LED Converter 8W 350mA | IP54,40.0,0,outofstock,simple,publish,LED Treiber,CONVERTER MA,,54,32,21,8,cc,,350mA,IP54,other,BAG Electronics,TCI-141056,54,32,21,compact,220_240v_ac
1103011600,LED Converter 11W 350mA ON/OFF | IP67,57.0,5,instock,simple,publish,LED Treiber,CONVERTER MA LUCE & LIGHT,,120,,,11,cc,not_dimmable,350mA,IP67,other,K00421,A16350IP67,120,,,compact,220_240v_ac
1103012200,LED Converter 5-12W 350mA,63.0,0,outofstock,simple,publish,LED Treiber,CONVERTER MA,,111,38,28,12,cc,,350mA,,other,,357069,111,38,28,compact,220_240v_ac
1103012201,LED Converter 5-12W 350mA,94.0,0,outofstock,simple,publish,LED Treiber,CONVERTER MA,,,,,12,cc,,350mA,,other,,357104,,,,,220_240v_ac
1103014200,LED Converter 14W 350mA,30.0,0,outofstock,simple,publish,LED Treiber,CONVERTER MA,,80,34,22,14,cc,,350mA,,other,BAG Electronics,372276 TRA-TCI-350mA,80,34,22,compact,220_240v_ac
1103015200,LED Converter 1-15W 350mA ON/OFF,55.0,0,outofstock,simple,publish,LED Treiber,CONVERTER MA BRUMBERG,,115,34,19,15,cc,not_dimmable,350mA,,other,Eaglerise,17613000,115,34,19,compact,220_240v_ac
1103015202,LED Converter 15W 350mA ON/OFF,48.0,0,outofstock,simple,publish,LED Treiber,CONVERTER MA LUCE & LIGHT,,116,33,28,15,cc,not_dimmable,350mA,,other,K00421,A19350QL,116,33,28,compact,220_240v_ac
1103017200,LED Converter 17W 350mA WU S,60.0,0,outofstock,simple,publish,LED Treiber,CONVERTER MA,,122,38,28,17,cc,,350mA,,other,TCI,122246,122,38,28,medium,220_240v_ac
1103025200,LED Converter 25.2W 350mA,42.0,0,outofstock,simple,publish,LED Treiber,CONVERTER MA,,,,26,25.2,cc,,350mA,,other,K00530,EBP025C0350CS,,,26,,220_240v_ac
1105006200,LED Converter 6W 500mA 24V ON/OFF,52.0,0,outofstock,simple,publish,LED Treiber,CONVERTER MA,,68,35,21,6,cc,not_dimmable,500mA,,other,K00421,A13500TC,68,35,21,compact,220_240v_ac
1105006201,LED Converter 6W 500mA 24V,21.0,0,outofstock,simple,publish,LED Treiber,CONVERTER MA,,68,35,21.5,6,cc,,500mA,,other,BAG Electronics,379179 / 122602TCI,68,35,21.5,compact,220_240v_ac
1105006202,LED Converter 6W 500mA,49.0,0,outofstock,simple,publish,LED Treiber,CONVERTER MA WEVER & DUCRE,,68,35,21,6,cc,,500mA,,other,K00353,90214201,68,35,21,compact,220_240v_ac
1105010201,LED Converter 10W 500mA,43.0,25,instock,simple,publish,LED Treiber,CONVERTER MA,,62,39,23,10,cc,,500mA,,other,BAG Electronics,ALPF1050,62,39,23,compact,220_240v_ac
1105012200,LED Converter 12W 500mA ON/OFF,51.0,0,outofstock,simple,publish,LED Treiber,CONVERTER MA,,115,34,19,12,cc,not_dimmable,500mA,,other,K00421,A15500QL,115,34,19,compact,220_240v_ac
1105012201,LED Converter zu RAGGIO INCASSO 12W 500mA ON/OFF,85.0,0,outofstock,simple,publish,LED Treiber,CONVERTER MA RAGGIO INCASSO VB LIGHTING,,115,34,19,12,cc,not_dimmable,500mA,,other,K00725,VT4308 | T4.308,115,34,19,compact,220_240v_ac
1105012600,LED Converter 12W 500mA ON/OFF | IP 67,75.0,0,outofstock,simple,publish,LED Treiber,CONVERTER MA,,93,,,12,cc,not_dimmable,500mA,IP67,other,K00421,A14500IP67,93,,,compact,220_240v_ac
1105014200,LED Converter SLIM 14W 500mA / 230V,44.8,0,outofstock,simple,publish,LED Treiber,CONVERTER MA,,142,22,19,14,cc,,500mA,,other,TCI,141112,142,22,19,medium,220_240v_ac
1105020201,LED Converter 10-20W 500mA ON/OFF,70.0,0,outofstock,simple,publish,LED Treiber,CONVERTER MA,,111,38,28,20,cc,not_dimmable,500mA,,other,BAG Electronics,355822 / A310500QL,111,38,28,compact,220_240v_ac
1105020600,LED Converter 10-20W 500mA | IP 67,68.0,0,outofstock,simple,publish,LED Treiber,CONVERTER MA,,120,,,20,cc,,500mA,IP67,other,K00421,A310500IP67,120,,,compact,220_240v_ac
1105022200,LED Converter 1-22W 500mA ON/OFF,52.0,0,outofstock,simple,publish,LED Treiber,CONVERTER MA BRUMBERG,,146,43.5,30,22,cc,not_dimmable,500mA,,other,Eaglerise,17823010,146,43.5,30,medium,220_240v_ac
1107003600,LED Converter 3W 700mA | IP65,10.0,0,outofstock,simple,publish,LED Treiber,CONVERTER MA SIMPEX,,37,23,21,3,cc,,700mA,IP65,other,Simpex,SH-3-700 IP65 SB,37,23,21,compact,220_240v_ac
1107007600,LED Converter 7W 700mA IP67,49.0,0,outofstock,simple,publish,LED Treiber,CONVERTER MA W&D,,57,41,24,7,cc,,700mA,IP67,other,K00353,90215301,57,41,24,compact,220_240v_ac
1107012200,LED Converter 12W 700mA ON/OFF,50.0,0,outofstock,simple,publish,LED Treiber,CONVERTER MA,,115,34,19,12,cc,not_dimmable,700mA,,other,K00421,A13700QL,115,34,19,compact,220_240v_ac
1107012600,LED Converter 12W 700mA | IP67,39.0,0,outofstock,simple,publish,LED Treiber,CONVERTER MA,,120,,,12,cc,,700mA,IP67,other,K00421,A13700IP67,120,,,compact,220_240v_ac
1107018200,LED Converter 18W 700mA ON/OFF,48.0,0,outofstock,simple,publish,LED Treiber,CONVERTER MA HELESTRA,,,,,18,cc,not_dimmable,700mA,,other,ELT,Treiber für 65/1349.06/5105,,,,,220_240v_ac
1107021201,LED Converter 20W 700mA | IP67,104.0,0,outofstock,simple,publish,LED Treiber,CONVERTER MA,,120,,,20,cc,,700mA,IP67,other,K00421,A39700IP67,120,,,compact,220_240v_ac
1107031200,LED Converter 1.4-31W 700mA ON/OFF,37.0,0,outofstock,simple,publish,LED Treiber,CONVERTER MA BRUMBERG,,146.5,43.5,30,31,cc,not_dimmable,700mA,,other,Eaglerise,17723000,146.5,43.5,30,medium,220_240v_ac
1107038200,LED Converter LC 38W 700mA fixC Ip,19.0,5,instock,simple,publish,LED Treiber,CONVERTER MA TRIDONIC,,230,30,21,38,cc,,700mA,,lc,Tridonic,87500781,230,30,21,medium,220_240v_ac
1110040201,LED Converter 40W 245-1050mA 1-10V,60.0,0,outofstock,simple,publish,LED Treiber,CONVERTER MA,,157,42,32,40,cc,1_10v,245-1050mA,,other,K00041,66001141,157,42,32,medium,220_240v_ac
1113018200,LED Converter 5.2-18W 350mA 1-10V dimmbar (analog),49.0,0,outofstock,simple,publish,LED Treiber,CONVERTER MA BRUMBERG,,110,52,22,18,cc,1_10v,350mA,,other,Eaglerise,17657000,110,52,22,compact,220_240v_ac
1120009200,LED Converter SRP 9W 350 | 450 | 600 |700mA DALI,32.0,4,instock,simple,publish,LED Treiber,CONVERTER MA SIMPEX,,,,24,9,cc,dali,700mA,,other,Simpex,SRP-2305-9-C700,,,24,,220_240v_ac
1120010200,LED Converter 10W 150-500mA DALI | TOUCHDIM,32.0,3,instock,simple,publish,LED Treiber,CONVERTER MA KGP,,64.5,40,23,10,cc,dali|touchdim,150-500mA,,other,K00738,CC10W150-500 DALI NFC,64.5,40,23,compact,220_240v_ac
1120010201,LED Converter 8/10W 180-250mA DALI | TOUCHDIM,40.0,0,outofstock,simple,publish,LED Treiber,CONVERTER MA PERDIX,,92,51.5,28.5,10,cc,dali|touchdim,180-250mA,,other,K00666,DDT-8-10W-180-250mA-20-40V,92,51.5,28.5,compact,220_240v_ac
1120012200,LED Converter FLS 12W 120mA-350mA DALI2 | TOUCHDIM,27.0,32,instock,simple,publish,LED Treiber,CONVERTER MA SIMPEX,,85,40,21.5,12,cc,dali|touchdim,120mA,,fls,Simpex,FLS-12-350 DALI2 LDC,85,40,21.5,compact,220_240v_ac
1120015200,LED Converter SRPY 15W 200-700mA DALI2 | TOUCHDIM,26.0,11,instock,simple,publish,LED Treiber,CONVERTER MA SIMPEX,,,,24,15,cc,dali|touchdim,200-700mA,,other,Simpex,SRPY-2305N-15CC200-700,,,24,,220_240v_ac
1120015201,LED Converter LC 15W 100-400mA one4all DALI,24.0,0,outofstock,simple,publish,LED Treiber,CONVERTER MA LC 15/100-400/42 DA SR SNC4 TRIDONIC,,144,30,21,15,cc,dali|one4all,100-400mA,,lc,Tridonic,87501146,144,30,21,medium,220_240v_ac
1120018200,LED Converter OTi DALI 15/220-240/1A0 LT2 NFC,33.0,3,instock,simple,publish,LED Treiber,CONVERTER MA,,119,53,30,,,dali|nfc,,,other,Osram/Ledvance,4052899548190,119,53,30,compact,220_240v_ac
1120020200,LED Converter LC 20W 100-1050mA one4all NFC DALI | TOUCHDIM,32.0,283,instock,simple,publish,LED Treiber,CONVERTER MA,,120,51,29,20,cc,dali|touchdim|nfc|one4all,100-1050mA,,lc,Tridonic,87500921,120,51,29,compact,220_240v_ac
1120020201,LED Converter 20W 200-550mA DALI | TOUCHDIM,33.0,0,outofstock,simple,publish,LED Treiber,CONVERTER MA KGP,,116,40.5,22,20,cc,dali|touchdim,200-550mA,,other,K00738,CC20W200-550CG DALI,116,40.5,22,compact,220_240v_ac
1120020202,LED Converter 20W 100-800mA DALI | TOUCHDIM,0.0,6,instock,simple,publish,LED Treiber,CONVERTER MA KGP,,75,40,21,20,cc,dali|touchdim,100-800mA,,other,K00738,CC20W100-800 DALI,75,40,21,compact,220_240v_ac
1120025200,LED Converter LCM-25 DA2 350mA-1050mA DALI2 | TOUCHDIM,50.0,17,instock,simple,publish,LED Treiber,CONVERTER MA SIMPEX,,105,68,23,,cc,dali|touchdim,350mA,,other,Simpex,LCM-25DA2,105,68,23,compact,220_240v_ac
1120025201,LED Converter LC 25W 350-600mA one4all INTRACK ws,55.0,0,outofstock,simple,publish,LED Treiber,CONVERTER MA,,260,32,42.4,25,cc,one4all,350-600mA,,lc,Tridonic,87500897,260,32,42.4,large,220_240v_ac
1120025202,LED Converter AL25D 25W 20mA-900mA DALI,106.0,0,outofstock,simple,publish,LED Treiber,CONVERTER MA,,164,38,24.5,25,cc,dali,20mA,,other,K00039,D-CC25-D-900-IN,164,38,24.5,medium,220_240v_ac
1120025500,LED Converter SLIM 25W 350mA-500mA DALI,52.0,19,instock,simple,publish,LED Treiber,CONVERTER MA | TCI SUPERSLIM,,385,19.6,12.9,25,cc,dali,350mA,,other,TCI,127462,385,19.6,12.9,large,220_240v_ac
1120026200,LED Converter FLS 26W 150mA-700mA DALI2,30.0,0,outofstock,simple,publish,LED Treiber,CONVERTER MA SIMPEX,,97,43,30,26,cc,dali,150mA,,fls,Simpex,FLS-26-700 DALI2 LD1C,97,43,30,compact,220_240v_ac
1120028200,LED Converter LC 28W 300-700mA one4all NF SC EXC3,38.0,12,instock,simple,publish,LED Treiber,CONVERTER MA TRIDONIC,,97,43,30,28,cc,one4all,300-700mA,,lc,Tridonic,28004042,97,43,30,compact,220_240v_ac
1120030200,LED Converter ECO Drive 360/A 150-1400mA 30W,1.0,0,outofstock,simple,publish,LED Treiber,LED CONVERTER ELDO ECODRIVE,,210,40.4,33.5,30,cc,,150-1400mA,,other,Eldoled,EC0360A6,210,40.4,33.5,medium,220_240v_ac
1120030201,LED Converter SOLO Drive 360/S 150-1400mA 30W,57.0,0,outofstock,simple,publish,LED Treiber,LED CONVERTER ELDO SOLODRIVE,,130,72,28,30,cc,,150-1400mA,,other,Eldoled,SL0360S3,130,72,28,medium,220_240v_ac
1120030202,LED Converter FLS 30W 150mA-700mA DALI2 | TOUCHDIM,44.0,89,instock,simple,publish,LED Treiber,CONVERTER MA SIMPEX,,98,43,22,30,cc,dali|touchdim,150mA,,fls,Simpex,FLS-30-700-DALI2-LD-PRO-C,98,43,22,compact,220_240v_ac
1120030203,LED Converter LC 30W 350-700mA one4all DA SC SNC4,25.0,0,outofstock,simple,publish,LED Treiber,CONVERTER MA LC 30/350-700/50 DA SC SNC4 TRIDONIC,,97,43,30,30,cc,one4all,350-700mA,,lc,Tridonic,87501147,97,43,30,compact,220_240v_ac
1120030600,LED Converter Mini Jolly DALI IPR2 30W 250-700mA,44.0,0,outofstock,simple,publish,LED Treiber,CONVERTER MA,,121.5,53.5,26,30,cc,dali,250-700mA,,other,TCI,152012,121.5,53.5,26,medium,220_240v_ac
1120030601,LED Converter Mini Jolly DALI 30W 250-700mA | IP68,98.0,0,outofstock,simple,publish,LED Treiber,CONVERTER MA MINI JOLLY LUX-IT / TCI,,121.5,53.5,26,30,cc,dali,250-700mA,IP68,other,BAG Electronics,TCI-152010,121.5,53.5,26,medium,220_240v_ac
1120035200,LED Converter OTi DALI 35/220…240/1A0 LT2 G2,27.0,5,instock,simple,publish,LED Treiber,CONVERTER MA,,103,67,29.5,,,dali,,,other,Osram/Ledvance,4052899488168 | OTi DALI 35/220-240/1A0 LT2,103,67,29.5,compact,220_240v_ac
1120035201,LED Converter LC 35W 150-700mA one4all NFC Ip,34.0,0,outofstock,simple,publish,LED Treiber,CONVERTER,,280,30,21,35,cc,nfc|one4all,150-700mA,,lc,Tridonic,28003201,280,30,21,large,220_240v_ac
1120035202,LED Converter LCA 35W 150-700mA one4all Ip PRE,51.0,2,instock,simple,publish,LED Treiber,CONVERTER MA TRIDONIC,,280,30,21,35,cc,one4all,150-700mA,,lca,Tridonic,28000654,280,30,21,large,220_240v_ac
1120035203,LED Converter LC 35W 80-400mA one4all NFC,62.0,0,outofstock,simple,publish,LED Treiber,CONVERTER,,280,30,11.4,35,cc,nfc|one4all,80-400mA,,lc,Tridonic,28002941,280,30,11.4,large,220_240v_ac
1120035204,LED Converter FMS 35W 150mA-700mA DALI2 | TOUCHDIM,40.9,0,outofstock,simple,publish,LED Treiber,CONVERTER MA SIMPEX,,280,30,21,35,cc,dali|touchdim,150mA,,fms,Simpex,FMS-35-700 DALI2 LD,280,30,21,large,220_240v_ac
1120038200,LED Converter 38W 300mA-1050mA DALI PROFESSIONALE,71.0,0,outofstock,simple,publish,LED Treiber,CONVERTER MA,,146.5,44,30,38,cc,dali,300mA,,other,TCI,127490,146.5,44,30,medium,220_240v_ac
1120038201,LED Converter 38W 300mA-1050mA DALI PROFESSIONALE BI,41.0,2,instock,simple,publish,LED Treiber,CONVERTER MA,,97,43,30,38,cc,dali,300mA,,other,BAG Electronics,127492,97,43,30,compact,220_240v_ac
1120038202,LED Converter LC 38W 650-1050mA one4all NFC,40.0,1,instock,simple,publish,LED Treiber,CONVERTER MA TRIDONIC,,97,43,30,38,cc,nfc|one4all,650-1050mA,,lc,Tridonic,28004043,97,43,30,compact,220_240v_ac
1120040200,LED Converter LCM-40 DA2 350mA-1050mA DALI2 | TOUCHDIM,60.0,24,instock,simple,publish,LED Treiber,CONVERTER MA SIMPEX,,123.5,81.5,23,,cc,dali|touchdim,350mA,,other,Simpex,LCM-40DA2,123.5,81.5,23,medium,220_240v_ac
1120040201,LED Converter GAC 40W 300-1050mA DALI INTRACK gr,59.0,0,outofstock,simple,publish,LED Treiber,CONVERTER MA,,253,32,43.5,40,cc,dali,300-1050mA,,other,Helvar,211-A1F-027,253,32,43.5,large,220_240v_ac
1120040202,LED Converter LC 40W 500-1050mA one4all NFC INTRACK ws,58.0,0,outofstock,simple,publish,LED Treiber,CONVERTER MA,,260,32,42.4,40,cc,nfc|one4all,500-1050mA,,lc,Tridonic,87500900,260,32,42.4,large,220_240v_ac
1120040203,LED Converter LC 40W 500-1050mA one4all NFC INTRACK gr,58.0,0,outofstock,simple,publish,LED Treiber,CONVERTER MA,,260,32,42.4,40,cc,nfc|one4all,500-1050mA,,lc,Tridonic,87500901,260,32,42.4,large,220_240v_ac
1120040204,LED Converter MILANO 40W 300-1050mA DALI INTRACK ws,52.0,0,outofstock,simple,publish,LED Treiber,CONVERTER MA,,260,32,42.5,40,cc,dali,300-1050mA,,other,Helvar,127873,260,32,42.5,large,220_240v_ac
1120040205,LED Converter LC 40W 500-1050mA one4all NFC INTRACK sw,58.0,0,outofstock,simple,publish,LED Treiber,CONVERTER MA,,260,32,42.4,40,cc,nfc|one4all,500-1050mA,,lc,Tridonic,87500899,260,32,42.4,large,220_240v_ac
1120040206,LED Converter 12-40W 300-1050mA DALI,66.0,6,instock,simple,publish,LED Treiber,CONVERTER QUICK-FIX DOTLUX,,170,65,30,40,cc,dali,300-1050mA,,other,Dotlux,5068-1,170,65,30,medium,220_240v_ac
1120042200,LED Converter FLS 42W 300mA-1050mA DALI2 | TOUCHDIM,54.0,100,instock,simple,publish,LED Treiber,COLLECTION BITZI CONVERTER MA SIMPEX,,98,43,22,42,cc,dali|touchdim,300mA,,fls,Simpex,FLS-42-1050-DALI2-LD-PRO-C,98,43,22,compact,220_240v_ac
1120044200,LED Converter FLS 44W 700mA-1050mA DALI2,29.4,47,instock,simple,publish,LED Treiber,CONVERTER MA SIMPEX,,97,43,30,44,cc,dali,700mA,,fls,Simpex,FLS-44-1050 DALI2 LD1C,97,43,30,compact,220_240v_ac
1120044201,LED Converter 15-44W 300-1050mA DALI,90.0,3,instock,simple,publish,LED Treiber,CONVERTER QUICK-FIX DOTLUX,,120,57,30,44,cc,dali,300-1050mA,,other,Dotlux,5068-M,120,57,30,compact,220_240v_ac
1120045200,LED Converter LC 45 450-1050mA one4all NFC,40.0,0,outofstock,simple,publish,LED Treiber,CONVERTER MA O4A NF SR EXC3,,160,82,34,,cc,nfc|one4all,450-1050mA,,lc,Tridonic,87500923,160,82,34,medium,220_240v_ac
1120045201,LED Converter LC 45W 700-1050mA one4all DALI,26.0,1,instock,simple,publish,LED Treiber,CONVERTER MA TRIDONIC,,97,43,30,45,cc,dali|one4all,700-1050mA,,lc,Tridonic,87501148,97,43,30,compact,220_240v_ac
1120050200,LED Converter OTi DALI 50/220…240/1A4 LT2 FAN NFC,32.0,10,instock,simple,publish,LED Treiber,CONVERTER MA,,110,75,25,,,dali|nfc,,,other,Osram/Ledvance,4052899548251,110,75,25,compact,220_240v_ac
1120050202,LED Converter LCA 50W 350-1050mA one4all Ip PRE,36.0,0,outofstock,simple,publish,LED Treiber,CONVERTER MA,,360,30,21,50,cc,one4all,350-1050mA,,lca,Tridonic,28000656,360,30,21,large,220_240v_ac
1120050203,LED Converter LCA 50W 100-400mA one4all Ip PRE,47.0,0,outofstock,simple,publish,LED Treiber,CONVERTER MA,,280,30,21,50,cc,one4all,100-400mA,,lca,Tridonic,28000655,280,30,21,large,220_240v_ac
1120050204,LED Converter 2-50W 350-1050mA DALI,54.0,99,instock,simple,publish,LED Treiber,CONVERTER MA QUICK-FIX DOTLUX,,360,30,21,50,cc,dali,350-1050mA,,other,Dotlux,6074,360,30,21,large,220_240v_ac
1120050205,LED Converter 6-50W 100-1400mA DALI,89.4,78,instock,simple,publish,LED Treiber,CONVERTER MA QUICK-FIX DOTLUX,,360,30,21,50,cc,dali,100-1400mA,,other,Dotlux,5047,360,30,21,large,220_240v_ac
1120050206,LED Converter FMS 50W 350mA-1050mA DALI2 | TOUCHDIM,45.0,141,instock,simple,publish,LED Treiber,CONVERTER MA SIMPEX,,280,30,21,50,cc,dali|touchdim,350mA,,fms,Simpex,FMS-50-1050 DALI2 LD,280,30,21,large,220_240v_ac
1120050207,LED Converter LC 50W 100-400mA one4all NF h11 PRE3,69.0,0,outofstock,simple,publish,LED Treiber,CONVERTER MA TRIDONIC,,360,30,11.4,50,cc,one4all,100-400mA,,lc,Tridonic,28002371,360,30,11.4,large,220_240v_ac
1120060200,LED Converter LCM-60 DA2 500mA-1400mA DALI2 | TOUCHDIM,68.0,9,instock,simple,publish,LED Treiber,CONVERTER MA SIMPEX,,123.5,81.5,23,,cc,dali|touchdim,500mA,,other,Simpex,LCM-60DA2,123.5,81.5,23,medium,220_240v_ac
1120060201,LED Converter 60W 250mA-700mA DALI MAXI JOLLY HV,70.0,0,outofstock,simple,publish,LED Treiber,CONVERTER MA,,124,79,22,60,cc,dali,250mA,,other,BAG Electronics,TCI-127409,124,79,22,medium,220_240v_ac
1120060202,LED Converter OTi DALI 60/220…240/550 D LT2 L,30.0,0,outofstock,simple,publish,LED Treiber,CONVERTER MA,,280,30,21,,,dali,,,other,Osram/Ledvance,4052899494206 | OTi DALI 60/220-240/550 D LT2 L,280,30,21,large,220_240v_ac
1120060203,LED Converter LC 60W 150-550mA one4all NFC,28.0,0,outofstock,simple,publish,LED Treiber,CONVERTER MA,,280,30,16.3,60,cc,nfc|one4all,150-550mA,,lc,Tridonic,28003603,280,30,16.3,large,220_240v_ac
1120060204,LED Converter XLC 60W 900mA-1700mA DALI2 | TOUCHDIM | NFC,54.0,0,outofstock,simple,publish,LED Treiber,CONVERTER MA SIMPEX,,176,45,32,60,cc,dali|touchdim|nfc,900mA,,other,Simpex,XLC-60-H-DA2SN,176,45,32,medium,220_240v_ac
1120075200,LED Converter LC 75W 900-1800mA one4all NFC Ip,57.0,2,instock,simple,publish,LED Treiber,CONVERTER MA TRIDONIC,,360,30,21,75,cc,nfc|one4all,900-1800mA,,lc,Tridonic,28003203,360,30,21,large,220_240v_ac
1120075201,LED Converter ETI DALI 75/220...240/1A4 LT2 L,23.0,0,outofstock,simple,publish,LED Treiber,CONVERTER MA,,280,30,21,,,dali,,,other,Osram/Ledvance,4062172126250 | ETi DALI 75/220-240/1A4 LT2 L,280,30,21,large,220_240v_ac
1120075202,LED Converter LCA 75W 900-1800mA one4all Ip PRE,59.0,5,instock,simple,publish,LED Treiber,CONVERTER MA,,360,30,21,75,cc,one4all,900-1800mA,,lca,Tridonic,28000660,360,30,21,large,220_240v_ac
1120075203,LED Converter LC 75W 900-1900mA one4all NFC h16,53.0,0,outofstock,simple,publish,LED Treiber,CONVERTER MA TRIDONIC,,360,30,16,75,cc,nfc|one4all,900-1900mA,,lc,Tridonic,28004634,360,30,16,large,220_240v_ac
1120075204,LED Converter LCA 75W 100-400mA one4all Ip PRE,48.0,2,instock,simple,publish,LED Treiber,CONVERTER MA,,280,30,21,75,cc,one4all,100-400mA,,lca,Tridonic,28000657,280,30,21,large,220_240v_ac
1120075205,LED Converter FMS 75W 1050mA-1800mA DALI2 | TOUCHDIM,46.0,0,outofstock,simple,publish,LED Treiber,CONVERTER MA SIMPEX,,280,30,21,75,cc,dali|touchdim,1050mA,,fms,Simpex,FMS-75-1800 DALI2 LD,280,30,21,large,220_240v_ac
1120080200,LED Converter OTi DALI 80/220…240/2A1 LT2 L,42.0,0,outofstock,simple,publish,LED Treiber,CONVERTER MA,,360,30,21,,,dali,,,other,Osram/Ledvance,4052899028050 | OTi DALI 80/220-240/2A1 LT2 L,360,30,21,large,220_240v_ac
1120100200,LED Converter LCA 100W 1100-2100mA one4all SR PRE,80.0,2,instock,simple,publish,LED Treiber,CONVERTER MA TRIDONIC,,235,100,31,100,cc,one4all,1100-2100mA,,lca,Tridonic,28001571,235,100,31,medium,220_240v_ac
1123007200,LED Converter 2.8-7W 350mA DALI,44.0,0,outofstock,simple,publish,LED Treiber,CONVERTER MA BRUMBERG,,130,42,22,7,cc,dali,350mA,,other,Eaglerise,17684000,130,42,22,medium,220_240v_ac
1123009200,LED Converter 2.1-9W 350mA DALI,106.0,0,outofstock,simple,publish,LED Treiber,CONVERTER MA BRUMBERG,,,,25,9,cc,dali,350mA,,other,Eaglerise,17658000,,,25,,220_240v_ac
1123012200,LED Converter zu VIOR 12W 350mA DALI | TOUCHDIM,100.0,0,outofstock,simple,publish,LED Treiber,CONVERTER MA VIOR RIBAG,,120,51,29,12,cc,dali|touchdim,350mA,,other,K00288,915.019.350 DIG,120,51,29,compact,220_240v_ac
1123015200,LED Converter 15W 350mA DALI,139.0,2,instock,simple,publish,LED Treiber,CONVERTER MA | LUNATONE,,120,41,21.6,15,cc,dali,350mA,,other,K00473,89453849-350,120,41,21.6,compact,220_240v_ac
1123017200,LED Converter CL350D-240-B DALI 350mA,41.0,0,outofstock,simple,publish,LED Treiber,CONVERTER MA,,,,,,cc,dali,350mA,,other,Helvar,211-003-200,,,,,220_240v_ac
1125024200,LED Converter CL500D-240-B DALI 500mA,41.0,0,outofstock,simple,publish,LED Treiber,CONVERTER MA,,,,,,cc,dali,500mA,,other,,,,,,,220_240v_ac
1125024201,LED Converter CL500D-240C DALI 500mA,47.0,0,outofstock,simple,publish,LED Treiber,CONVERTER MA,,,,,,cc,dali,500mA,,other,,,,,,,220_240v_ac
1125045200,LED Converter IDLC-45-500DA 45W 500mA | 54V- 90V,62.0,59,instock,simple,publish,LED Treiber,45W LED KONSTANTSTROMTREIBER MIT EINGEBAUTER DALI SIMPEX,,120,75,25,45,cc,,500mA,,other,K00575,3265875 | IDLC-45-500DA,120,75,25,compact,220_240v_ac
1127025200,LED Converter OTi DALi 25/220-240/700 LT2,36.0,2,instock,simple,publish,LED Treiber,CONVERTER MA,,,,,,,dali,,,other,Osram/Ledvance,4052899488144 | OTi DALI 25/220-240/700 LT2,,,,,220_240v_ac
1127025201,LED Converter 25W 700mA DALI,156.0,0,outofstock,simple,publish,LED Treiber,CONVERTER MA | LUNATONE,,120,41,21.6,25,cc,dali,700mA,,other,K00473,89453849-700,120,41,21.6,compact,220_240v_ac
1127030200,LED Converter CL700D-240C DALI 700mA,42.0,0,outofstock,simple,publish,LED Treiber,CONVERTER MA,,,,,,cc,dali,700mA,,other,,,,,,,220_240v_ac
1127030201,LED Converter 10.5-30W 700mA DALI dimmbar,79.0,0,outofstock,simple,publish,LED Treiber,CONVERTER MA,,180,32,32,30,cc,dali,700mA,,other,,17708000,180,32,32,medium,220_240v_ac
1127030202,LED Converter 30W 700mA DALI,89.0,0,outofstock,simple,publish,LED Treiber,CONVERTER MA | HEP LNDC30W700LRP,,80,55,32,30,cc,dali,700mA,,other,K00233,LNDC30W700LRP,80,55,32,compact,220_240v_ac
1129025200,LED Converter CL1200D-240-B DALI 1200mA,41.0,0,outofstock,simple,publish,LED Treiber,CONVERTER MA,,,,,,cc,dali,1200mA,,other,,,,,,,220_240v_ac
1129025201,LED Converter CL1200D-240C DALI 1200mA,1.0,0,outofstock,simple,publish,LED Treiber,CONVERTER MA,,,,,,cc,dali,1200mA,,other,,,,,,,220_240v_ac
1129025202,LED Converter CL1400D-240C DAL 1400mA,1.0,0,outofstock,simple,publish,LED Treiber,CONVERTER MA,,,,,,cc,,1400mA,,other,,,,,,,220_240v_ac
1129030200,LED Converter CL1000D-240C DALI 1000mA,1.0,0,outofstock,simple,publish,LED Treiber,CONVERTER MA,,,,,,cc,dali,1000mA,,other,,,,,,,220_240v_ac
1130010200,LED Converter LUP 10W 100-350mA phasendimmbar,15.0,0,outofstock,simple,publish,LED Treiber,CONVERTER MA SIMPEX,,114,53,22,10,cc,,100-350mA,,other,Simpex,LUP10-LCPH,114,53,22,compact,220_240v_ac
1130021200,LED Converter LCA 21W 300-500mA phasendimmbar,23.0,10,instock,simple,publish,LED Treiber,CONVERTER MA TRIDONIC,,101.5,51,29.5,21,cc,,300-500mA,,lca,Tridonic,87500603,101.5,51,29.5,compact,220_240v_ac
1130044200,LED Converter LCA 44W 700-1050mA phasendimmbar,29.0,0,outofstock,simple,publish,LED Treiber,CONVERTER MA TRIDONIC,,119,68,31,44,cc,,700-1050mA,,lca,Tridonic,87500605,119,68,31,compact,220_240v_ac
1132012200,LED Converter 12W 250mA 27-48V ECXd 250.153 Phasec,14.0,0,outofstock,simple,publish,LED Treiber,CONVERTER MA,,,45,19,12,cc,,250mA,,other,Helvar,211-A0D-001,,45,19,,220_240v_ac
1133007200,LED Converter 2.8-7W 350mA phasenabschnitt dimmbar,36.0,29,instock,simple,publish,LED Treiber,CONVERTER MA BRUMBERG,,110,50,19,7,cc,,350mA,,other,Eaglerise,17663000,110,50,19,compact,220_240v_ac
1133010201,LED Converter Micro MD 10W 350mA PC,25.0,0,outofstock,simple,publish,LED Treiber,CONVERTER LUX-IT,,86.5,38,21,10,cc,,350mA,,other,BAG Electronics,TCI127040,86.5,38,21,compact,220_240v_ac
1133018200,LED Converter 8.8-18W 350mA phasenabschnitt dimmbar,48.0,14,instock,simple,publish,LED Treiber,CONVERTER MA BRUMBERG,,110.5,52,22,18,cc,,350mA,,other,Eaglerise,17643010,110.5,52,22,compact,220_240v_ac
1140010200,LED Converter LCA 10W 150-400mA one4all C PRE,44.0,6,instock,simple,publish,LED Treiber,CONVERTER MA TRIDONIC,,105,70,22.3,10,cc,one4all,150-400mA,,lca,Tridonic,28000663,105,70,22.3,compact,220_240v_ac
1140017200,LED Converter LCA 17W 250-700mA one4all SC PRE,35.0,0,outofstock,simple,publish,LED Treiber,CONVERTER MA,,130,43,30,17,cc,one4all,250-700mA,,lca,Tridonic,28000674,130,43,30,medium,220_240v_ac
1140025200,LED Converter LCA 25W 350-1050mA one4all SC PRE,51.0,11,instock,simple,publish,LED Treiber,CONVERTER MA TRIDONIC,,130,43,30,25,cc,one4all,350-1050mA,,lca,Tridonic,28000675,130,43,30,medium,220_240v_ac
1140025201,LED Converter LCA 25W 350-1050mA one4all C PRE,48.0,0,outofstock,simple,publish,LED Treiber,CONVERTER MA,,110,70,23,25,cc,one4all,350-1050mA,,lca,Tridonic,28000665,110,70,23,compact,220_240v_ac
1140030200,LED Converter SRP 30W 350-700mA DALI | PUSH | 1-10V | Phasendimmbar,42.0,12,instock,simple,publish,LED Treiber,CONVERTER MA SIMPEX,,170,53,28,30,cc,dali|1_10v,350-700mA,,other,Simpex,SRP-2305-30-CC-MULTIDIM,170,53,28,medium,220_240v_ac
1140045200,LED Converter LCA 45W 500-1400mA one4all C PRE,35.0,0,outofstock,simple,publish,LED Treiber,CONVERTER MA,,120,70,22.3,45,cc,one4all,500-1400mA,,lca,Tridonic,28000666,120,70,22.3,compact,220_240v_ac
1140045201,LED Converter LCA 45W 500-1400mA one4all SC PRE,53.0,0,outofstock,simple,publish,LED Treiber,CONVERTER MA TRIDONIC,,150,43,30,45,cc,one4all,500-1400mA,,lca,Tridonic,28000676,150,43,30,medium,220_240v_ac
1140050201,LED Converter SRP 50W 180-1500mA DALI | PUSH | 1-10V | Phasendimmbar,46.15,0,outofstock,simple,publish,LED Treiber,CONVERTER MA SIMPEX,,164.6,83,34.5,50,cc,dali|1_10v,180-1500mA,,other,Simpex,SRP-2305-50L-CC-MULTIDIM,164.6,83,34.5,medium,220_240v_ac
1140085200,LED Converter LCA 85W 600-1800mA one4all lp PRE,98.0,5,instock,simple,publish,LED Treiber,CONVERTER MA TRIDONIC,,280,30,11.4,85,cc,one4all,600-1800mA,,lca,Tridonic,28002830,280,30,11.4,large,220_240v_ac
1150050200,LED Converter SRP 50W 1000mA DMX,59.0,2,instock,simple,publish,LED Treiber,CONVERTER DMX SIMPEX,,210,50,32,50,cc,,1000mA,,other,Simpex,SRP-2106-50L-C1000,210,50,32,medium,220_240v_ac
1160010200,LED Converter LC 10W 150-400mA bDW SC PRE2 Casambi,94.0,10,instock,simple,publish,LED Treiber,CONVERTER MA CASAMBI TRIDONIC,,130,43,30,10,cc,casambi,150-400mA,,lc,Tridonic,28002411,130,43,30,medium,220_240v_ac
1160017200,LED Converter LC 17W 250-700mA bDW SC PRE2 Casambi,95.0,2,instock,simple,publish,LED Treiber,CONVERTER MA CASAMBI TRIDONIC,,130,43,30,17,cc,casambi,250-700mA,,lc,Tridonic,28002412,130,43,30,medium,220_240v_ac
1160032200,LED Converter Jolly TRT 32W 350-700mA PUSH,144.0,0,outofstock,simple,publish,LED Treiber,CONVERTER MA,,70,40,27,32,cc,,350-700mA,,other,TCI,127016,70,40,27,compact,220_240v_ac
1160038200,LED Converter LC 38W 350-1050mA bDW TW C PRE2 Casambi,141.0,1,instock,simple,publish,LED Treiber,CONVERTER MA CASAMBI TRIDONIC,,120,70,28.3,38,cc,casambi,350-1050mA,,lc,Tridonic,28002858,120,70,28.3,compact,220_240v_ac
1160038203,LED Converter LC 38W 650-1050mA bDW NF SC EXC3 Casambi,102.0,5,instock,simple,publish,LED Treiber,CONVERTER MA CASAMBI TRIDONIC,,97,43,30,38,cc,casambi,650-1050mA,,lc,Tridonic,28003716,97,43,30,compact,220_240v_ac
1160040200,LED Converter LC 40W 500-1050mA bDW INTRACK Casambi sw,112.0,1,instock,simple,publish,LED Treiber,CONVERTER MA INTRACK CASAMBI TRIDONIC,,231,32,43,40,cc,casambi,500-1050mA,,lc,Tridonic,28003057,231,32,43,medium,220_240v_ac
1160045200,LED Converter LC 45W 500-1400mA bDW SC PRE2 Casambi,102.0,0,outofstock,simple,publish,LED Treiber,CONVERTER MA CASAMBI TRIDONIC,,150,43,30,45,cc,casambi,500-1400mA,,lc,Tridonic,28002414,150,43,30,medium,220_240v_ac
1160060200,LED Converter LCM 60W 500mA-1400mA 2-90Vdc CASAMBI,142.0,0,outofstock,simple,publish,LED Treiber,CONVERTER MA LCM MEAN WELL SIMPEX,,123.5,81.5,23,60,cc,casambi,500mA,,other,Simpex,LCM-60BLE,123.5,81.5,23,medium,220_240v_ac
1160060201,LED Converter LC 60W 150-550mA bDW NF h16 PRE4 Casambi,97.0,0,outofstock,simple,publish,LED Treiber,CONVERTER MA CASAMBI TRIDONIC,,280,30,16.3,60,cc,casambi,150-550mA,,lc,Tridonic,28004619,280,30,16.3,large,220_240v_ac
1167028200,LED Converter LC 28W 300-700mA bDW bDW NF SC EXC3 Casambi,99.0,2,instock,simple,publish,LED Treiber,CONVERTER MA CASAMBI TRIDONIC,,97,43,30,28,cc,casambi,300-700mA,,lc,Tridonic,28003715,97,43,30,compact,220_240v_ac
1170010200,LED Converter SRP 10W 100mA-500mA ZigBee 3.0,30.0,26,instock,simple,publish,LED Treiber,CONVERTER MA ZIGBEE SIMPEX,,101,36,25,10,cc,zigbee,100mA,,other,Simpex,SRP-9101-10-C500NFC,101,36,25,compact,220_240v_ac
1170036200,LED Converter SRP 36W 350mA-1050mA ZigBee 3.0,39.0,1,instock,simple,publish,LED Treiber,CONVERTER MA ZIGBEE SIMPEX,,145,45,28,36,cc,zigbee,350mA,,other,Simpex,SRP-9101-36-C1050NFC,145,45,28,medium,220_240v_ac
1201006201,LED Converter 12V 6W 230VAC,17.0,5,instock,simple,publish,LED Treiber,CONVERTER V,,43,43,21,6,cv,,,,other,BAG Electronics,375833 / HLV1206L1,43,43,21,compact,220_240v_ac
1201012200,LED Converter 12W 12VDC ON/OFF,1.0,0,outofstock,simple,publish,LED Treiber,CONVERTER V,,,,,12,cv,not_dimmable,,,other,BAG Electronics,TCI-122740,,,,,220_240v_ac
1201015201,LED Converter 12V 1-15W ON/OFF,79.0,0,outofstock,simple,publish,LED Treiber,CONVERTER V BRUMBERG,,105,49,18,15,cv,not_dimmable,,,other,Eaglerise,17106000,105,49,18,compact,220_240v_ac
1201016300,LED Converter LPF-16-12 16W IP30,38.0,0,outofstock,simple,publish,LED Treiber,CONVERTER V SIMPEX,,148,40,32,16,,,,IP30,other,Simpex,LPF-16-12,148,40,32,medium,220_240v_ac
1201020600,LED Converter PLN-20 12V 0-1.6A,37.0,0,outofstock,simple,publish,LED Treiber,CONVERTER V,,148.5,38.5,28,,cv,,,,other,,PLN-20-12,148.5,38.5,28,medium,220_240v_ac
1201025600,LED Converter LPF-25-12 25W IP67,38.0,0,outofstock,simple,publish,LED Treiber,CONVERTER V SIMPEX,,148,40,32,25,,,,IP67,other,Simpex,LPF-25-12,148,40,32,medium,220_240v_ac
1201030200,LED Converter 12V DC 1-30W ON/OFF,96.0,0,outofstock,simple,publish,LED Treiber,CONVERTER V BRUMBERG,,185,48,20,30,cv,not_dimmable,,,other,Eaglerise,17110000,185,48,20,medium,220_240v_ac
1201030202,LED Converter 12V DC 30W,28.0,0,outofstock,simple,publish,LED Treiber,CONVERTER V ISOLED,,251,30,17.2,30,cv,,,,other,K00043,113286,251,30,17.2,large,220_240v_ac
1201040600,LED Converter LPF-40-12 40W IP67,47.0,0,outofstock,simple,publish,LED Treiber,CONVERTER V SIMPEX,,162.5,43,32,40,,,,IP67,other,Simpex,LPF-40-12,162.5,43,32,medium,220_240v_ac
1201050200,LED Converter SLD-50-12 50W 12VDC,34.0,0,outofstock,simple,publish,LED Treiber,CONVERTER V SIMPEX,,280,30,16.8,50,cv,,,,other,Simpex,SLD-50-12,280,30,16.8,large,220_240v_ac
1201070201,"LED Converter TRA - 12V - 0 - 70W, 230V - 240V AC",14.0,8,instock,simple,publish,LED Treiber,CONVERTER V,,,,,70,cv,,,,other,BAG Electronics,363745 / 111213,,,,,220_240v_ac
1201080600,LED Converter HLG-80H-12A nicht dimmbar IP65,77.0,0,outofstock,simple,publish,LED Treiber,CONVERTER V SIMPEX,,195.6,61.5,38.8,,,,,IP65,other,Simpex,HLG-80H-12A,195.6,61.5,38.8,medium,220_240v_ac
1201100200,LED Converter 100W 12VDC,78.0,0,outofstock,simple,publish,LED Treiber,CONVERTER V,,184,61,32,100,cv,,,,other,K00043,113053,184,61,32,medium,220_240v_ac
1201120600,LED Converter HLG-120H-12A nicht dimmbar IP65,90.0,13,instock,simple,publish,LED Treiber,CONVERTER V SIMPEX,,220,68,38.8,,,,,IP65,other,Simpex,HLG-120H-12A,220,68,38.8,medium,220_240v_ac
1201150600,LED Converter HLG-150H-12A nicht dimmbar IP65,91.0,0,outofstock,simple,publish,LED Treiber,CONVERTER V SIMPEX,,228,68,38.8,,,,,IP65,other,Simpex,HLG-150H-12A,228,68,38.8,medium,220_240v_ac
1201240600,LED Converter HLG-240H-12A nicht dimmbar IP65,132.0,1,instock,simple,publish,LED Treiber,CONVERTER V SIMPEX,,244.2,68,38.8,,,,,IP65,other,Simpex,HLG-240H-12A,244.2,68,38.8,medium,220_240v_ac
1201320600,LED Converter HLG-320H-12A nicht dimmbar IP65,177.0,0,outofstock,simple,publish,LED Treiber,CONVERTER V SIMPEX,,252,90,43.8,,,,,IP65,other,Simpex,HLG-320H-12A,252,90,43.8,large,220_240v_ac
1201600601,LED Converter HLG-600H-12A nicht dimmbar IP65,378.0,0,outofstock,simple,publish,LED Treiber,CONVERTER V SIMPEX,,280,144,43.8,,,,,IP65,other,Simpex,HLG-600H-12A,280,144,43.8,large,220_240v_ac
1202003200,"LED Converter TRA - 24V - 3W, 230V - 240V AC",23.0,1,instock,simple,publish,LED Treiber,CONVERTER V,,40,42,21,3,cv,,,,other,BAG Electronics,358847 - PTDC/3/24V/N,40,42,21,compact,220_240v_ac
1202006200,LED Converter 6W 24VDC,18.0,0,outofstock,simple,publish,LED Treiber,CONVERTER V,,43,43,21,6,cv,,,,other,BAG Electronics,3779779 / HLV2406L1,43,43,21,compact,220_240v_ac
1202006201,LED Converter SS-6-24 6W 24V,9.0,0,outofstock,simple,publish,LED Treiber,CONVERTER V SIMPEX,,52,43.5,21,6,cv,,,,other,Simpex,SS-6-24 MB,52,43.5,21,compact,220_240v_ac
1202010200,LED Converter 10W 24VDC ON/OFF,48.0,0,outofstock,simple,publish,LED Treiber,CONVERTER V LUCE & LIGHT,,117,32,20,10,cv,not_dimmable,,,other,K00421,AV24010IP20,117,32,20,compact,220_240v_ac
1202012200,LED Converter 12W 24VDC ON/OFF,31.0,0,outofstock,simple,publish,LED Treiber,CONVERTER V,,,,,12,cv,not_dimmable,,,other,,373624 TCI-122742,,,,,220_240v_ac
1202015200,LED Converter 24V/DC 15W ultraflach,21.0,0,outofstock,simple,publish,LED Treiber,CONVERTER V,,128,50,13,15,cv,,,,other,,370080,128,50,13,medium,220_240v_ac
1202015201,LED Converter 15W 24V RELCO,45.0,0,outofstock,simple,publish,LED Treiber,CONVERTER V,,,,22,15,cv,,,,other,,49.15r.24.00,,,22,,220_240v_ac
1202016300,LED Converter LPF-16-24 16W 24V,38.0,0,outofstock,simple,publish,LED Treiber,CONVERTER V SIMPEX,,148,40,32,16,cv,,,,other,Simpex,LPF-16-24,148,40,32,medium,220_240v_ac
1202018200,LED Converter LC 18W 24V Ip SNC,13.0,86,instock,simple,publish,LED Treiber,CONVERTER V,,179,30,21,18,cv,,,,lc,Tridonic,87500938,179,30,21,medium,220_240v_ac
1202018201,LED Converter SS-18-24 18W 24V,14.0,0,outofstock,simple,publish,LED Treiber,CONVERTER V SIMPEX,,68.5,35,23,18,cv,,,,other,Simpex,SS-18-24 MB,68.5,35,23,compact,220_240v_ac
1202020200,LED Converter OT 20/220-240/24,21.0,40,instock,simple,publish,LED Treiber,CONVERTER V,,109,50,35,,,,,,other,Osram/Ledvance,4050300618111 | OT 20/220-240/24,109,50,35,compact,220_240v_ac
1202020201,LED Converter Lin24 20W 230/24V DC,39.0,0,outofstock,simple,publish,LED Treiber,CONVERTER V,,130,46,17,20,cv,,,,other,Lunatone,76.32726.11,130,46,17,medium,220_240v_ac
1202020202,LED Converter LT 20 24V / 700mA,29.0,1,instock,simple,publish,LED Treiber,CONVERTER V,,153,30,21,,cc,,700mA,,other,Nobile,N4343FAH00062,153,30,21,medium,220_240v_ac
1202020500,LED Converter 20W 24V IP54,44.0,0,outofstock,simple,publish,LED Treiber,SUPERSLIM CONVERTER V SMARTERION,,300,18,11,20,cv,,,IP54,other,Smarterion,TCI_127328,300,18,11,large,220_240v_ac
1202024200,LED Converter 24V/DC max. 24W,33.0,0,outofstock,simple,publish,LED Treiber,CONVERTER V,,115,60,35,24,cv,,,,other,,362208TRA-24V-24W-IS,115,60,35,compact,220_240v_ac
1202024600,LED Converter TIW 24W 24VDC IP 67,88.0,1,instock,simple,publish,LED Treiber,CONVERTER V,,56,56,32,24,cv,,,IP67,other,Silvair,V TR12-24-1 | 305 804 109,56,56,32,compact,220_240v_ac
1202025400,LED Converter APV 25W 24V/DC IP42,20.0,0,outofstock,simple,publish,LED Treiber,CONVERTER V SIMPEX,,84,57,29.5,25,cv,,,IP42,other,Simpex,APV-25-24,84,57,29.5,compact,220_240v_ac
1202025600,LED Converter LPF-25-24 25W 24V | IP67,31.0,2,instock,simple,publish,LED Treiber,CONVERTER V SIMPEX,,148,40,32,25,cv,,,IP67,other,Simpex,LPF-25-24,148,40,32,medium,220_240v_ac
1202030201,LED Converter 30W 24V/DC ultraflach,32.0,0,outofstock,simple,publish,LED Treiber,CONVERTER V,,159,58,18,30,cv,,,,other,,369052 / TRA-24V-30W,159,58,18,medium,220_240v_ac
1202030203,LED Converter LS-30-24 LI EXC 30W 24VDC,21.0,43,instock,simple,publish,LED Treiber,CONVERTER V SIMPEX,,142,45,30,30,cv,,,,other,Simpex,LS-30-24 LI EXC,142,45,30,medium,220_240v_ac
1202030205,LED Converter 24V DC max. 30W,28.0,0,outofstock,simple,publish,LED Treiber,CONVERTER V DOTLUX,,230,30,20,30,cv,,,,other,Dotlux,5075,230,30,20,medium,220_240v_ac
1202030600,LED Converter 24V DC max. 30W IP65,26.0,0,outofstock,simple,publish,LED Treiber,CONVERTER V,,220,32,22,30,cv,,,IP65,other,BAG Electronics,358699 TRA-24V-30W-I,220,32,22,medium,220_240v_ac
1202030601,LED Converter KAV 30W 24V IP67,28.0,3,instock,simple,publish,LED Treiber,CONVERTER V,,,,25,30,cv,,,IP67,other,KAV,KAV-24030-0(W),,,25,,220_240v_ac
1202035200,LED Converter TRA-35-24 24V/DC max. 35W,1.0,0,outofstock,simple,publish,LED Treiber,CONVERTER V,,,,,35,cv,,,,other,,HS-35-24,,,,,220_240v_ac
1202035201,LED Converter LC 35W 24V Ip SNC,25.0,8,instock,simple,publish,LED Treiber,CONVERTER V TRIDONIC,,230,30,21,35,cv,,,,lc,Tridonic,87501091,230,30,21,medium,220_240v_ac
1202036400,LED Converter APV 36W 24V/DC IP42,20.0,5,instock,simple,publish,LED Treiber,CONVERTER V SIMPEX,,84,57,29.5,36,cv,,,IP42,other,Simpex,APV-35-24,84,57,29.5,compact,220_240v_ac
1202040600,LED Converter LPF-40-24 40W 24V,47.0,0,outofstock,simple,publish,LED Treiber,CONVERTER V SIMPEX,,162.5,43,32,40,cv,,,,other,Simpex,LPF-40-24,162.5,43,32,medium,220_240v_ac
1202040601,LED Converter HLG-40H-24A nicht dimmbar IP65,62.0,11,instock,simple,publish,LED Treiber,CONVERTER V SIMPEX,,171,61.5,36.8,,,,,IP65,other,Simpex,HLG-40H-24A,171,61.5,36.8,medium,220_240v_ac
1202042200,LED Converter Step-PS/1AC/24DC/1.75 DIN 42W ON/OFF,62.0,0,outofstock,simple,publish,LED Treiber,CONVERTER V,,90,54,61,42,,not_dimmable,,,other,K00058,2868648,90,54,61,compact,220_240v_ac
1202045600,LED Converter PLN-45,56.0,0,outofstock,simple,publish,LED Treiber,CONVERTER V,,181,61.5,35,,,,,,other,,,181,61.5,35,medium,220_240v_ac
1202050201,LED Converter SLD-50-24 50W 24VDC,34.0,0,outofstock,simple,publish,LED Treiber,CONVERTER V SIMPEX,,280,30,16.8,50,cv,,,,other,Simpex,SLD-50-24,280,30,16.8,large,220_240v_ac
1202060200,LED Converter ELEMENT 60/220-240/24,16.0,0,outofstock,simple,publish,LED Treiber,CONVERTER V,,200,40,31,,,,,,other,Osram/Ledvance,4052899605527 | ELEMENT 60/220-240/24 G2,200,40,31,medium,220_240v_ac
1202060203,LED Converter TRA-60-24 24V/DC max. 60W,1.0,0,outofstock,simple,publish,LED Treiber,CONVERTER V,,,,,60,cv,,,,other,,HS-60-24,,,,,220_240v_ac
1202060204,LED Converter Step-PS/1AC/24DC/2.5 DIN 60W ON/OFF,97.0,0,outofstock,simple,publish,LED Treiber,CONVERTER V,,90,72,61,60,,not_dimmable,,,other,K00058,2868651,90,72,61,compact,220_240v_ac
1202060205,LED Converter LS-60-24-LI-EXC 60W 24VDC,28.0,28,instock,simple,publish,LED Treiber,CONVERTER V SIMPEX,,168,38,30,60,cv,,,,other,Simpex,LS-60-24-LI-EXC,168,38,30,medium,220_240v_ac
1202060206,LED Converter LC 60W 24V Ip SNC,26.0,66,instock,simple,publish,LED Treiber,CONVERTER V,,280,30,21,60,cv,,,,lc,Tridonic,87501092,280,30,21,large,220_240v_ac
1202060207,LED Converter US-60-24 LR2 60W 24VDC,40.0,0,outofstock,simple,publish,LED Treiber,CONVERTER V SIMPEX,,329,30,17,60,cv,,,,other,Simpex,US-60-24 LR2,329,30,17,large,220_240v_ac
1202060208,LED Converter 24V DC max. 60W,32.0,0,outofstock,simple,publish,LED Treiber,CONVERTER V DOTLUX,,250,30,21,60,cv,,,,other,Dotlux,5076,250,30,21,medium,220_240v_ac
1202060600,LED Converter LPF-60-24 60W 24V IP67,47.0,3,instock,simple,publish,LED Treiber,CONVERTER V SIMPEX,,162.5,43,32,60,cv,,,IP67,other,Simpex,LPF-60-24,162.5,43,32,medium,220_240v_ac
1202060601,LED Converter HLG-60H-24A nicht dimmbar IP65,60.0,12,instock,simple,publish,LED Treiber,CONVERTER V SIMPEX,,171,61.5,36.8,,,,,IP65,other,Simpex,HLG-60H-24A,171,61.5,36.8,medium,220_240v_ac
1202070200,LED Converter 70W 24VDC ON/OFF,76.0,0,outofstock,simple,publish,LED Treiber,CONVERTER V,,124,79,22,70,cv,not_dimmable,,,other,BAG Electronics,TCI 122180 | 386097,124,79,22,medium,220_240v_ac
1202075201,LED Converter 75W 24VDC,50.0,0,outofstock,simple,publish,LED Treiber,CONVERTER V,,170,45,29,75,cv,,,,other,K00043,112023,170,45,29,medium,220_240v_ac
1202075601,LED Converter SLT 75W 24VDC IP67,81.0,5,instock,simple,publish,LED Treiber,CONVERTER V SLT75-24VFC-UN CONRAD,,333,30,16.5,75,cv,,,IP67,other,K00720,SLT75-24VFC-UN,333,30,16.5,large,220_240v_ac
1202080600,LED Converter HLG-80H-24A nicht dimmbar IP65,71.0,8,instock,simple,publish,LED Treiber,CONVERTER V SIMPEX,,195.6,61.5,38.8,,,,,IP65,other,Simpex,HLG-80H-24A,195.6,61.5,38.8,medium,220_240v_ac
1202090201,LED Converter LOOK 90W 24VDC inkl. Netzkabel T12,150.0,0,outofstock,simple,publish,LED Treiber,CONVERTER V HÄFELE,,316,70,35,90,cv,,,,other,K00077,833.77.974,316,70,35,large,220_240v_ac
1202100201,LED Converter PLC-100-24V,74.0,1,instock,simple,publish,LED Treiber,CONVERTER V SIMPEX,,200.5,69.5,35,,cv,,,,other,Simpex,PLC-100-24,200.5,69.5,35,medium,220_240v_ac
1202100203,LED Converter TRA-100-24 24V/DC max.100W,1.0,0,outofstock,simple,publish,LED Treiber,CONVERTER V,,,,,100,cv,,,,other,,HS-100-24,,,,,220_240v_ac
1202100204,LED Converter 100W 24VDC,54.0,1,instock,simple,publish,LED Treiber,CONVERTER V UNEX,,331,30,17,100,cv,,,,other,Boke,043-024-101,331,30,17,large,220_240v_ac
1202100205,LED Converter LC 100W 24V Ip SNC2,44.0,28,instock,simple,publish,LED Treiber,CONVERTER V TRIDONIC,,360,30,21,100,cv,,,,lc,Tridonic,87501093,360,30,21,large,220_240v_ac
1202100206,LED Converter SLT 100W 24VDC IP20,70.0,0,outofstock,simple,publish,LED Treiber,CONVERTER V SLT100-24VFG-UN CONRAD,,298,29.8,16.5,100,cv,,,IP20,other,K00720,SLF SLT100-24VFG,298,29.8,16.5,large,220_240v_ac
1202100600,LED Converter HLG-100H-24A nicht dimmbar IP65,87.0,21,instock,simple,publish,LED Treiber,CONVERTER V SIMPEX,,220,68,38.8,,,,,IP65,other,Simpex,HLG-100H-24A,220,68,38.8,medium,220_240v_ac
1202120200,LED Converter GST120A24-P1M 120W 24VDC,73.0,60,instock,simple,publish,LED Treiber,CONVERTER V SIMPEX,,167,67,35,120,cv,,,,other,Simpex,GST120A24-P1M + NETZKABEL T12-C13,167,67,35,medium,220_240v_ac
1202120201,LED Converter ELEMENT 120/220-240/24,28.0,0,outofstock,simple,publish,LED Treiber,CONVERTER V,,260,40,31,,,,,,other,Osram/Ledvance,4052899605541 | ELEMENT 120/220-240/24 G2,260,40,31,large,220_240v_ac
1202120202,LED Converter LS-120-24 LI1 120W 24VDC,39.0,49,instock,simple,publish,LED Treiber,CONVERTER V SIMPEX,,268,45,30,120,cv,,,,other,Simpex,LS-120-24 LI1,268,45,30,large,220_240v_ac
1202120205,LED Converter LS-120-24 LI-EXC 120W 24VDC,33.0,0,outofstock,simple,publish,LED Treiber,CONVERTER V SIMPEX,,227,38,30,120,cv,,,,other,Simpex,LS-120-24-LI-EXC,227,38,30,medium,220_240v_ac
1202120605,LED Converter HLG-120H-24A nicht dimmbar IP65,90.0,2,instock,simple,publish,LED Treiber,CONVERTER V SIMPEX,,220,68,38.8,,,,,IP65,other,Simpex,HLG-120H-24A,220,68,38.8,medium,220_240v_ac
1202130600,LED Converter OT 130-220-240/24P,54.0,0,outofstock,simple,publish,LED Treiber,CONVERTER V,,220,63,37,,,,,,other,Osram/Ledvance,4052899546004 | OT 130/220-240/24 P,220,63,37,medium,220_240v_ac
1202150201,LED Converter TRA-150-24 24V/DC max. 150W,1.0,0,outofstock,simple,publish,LED Treiber,CONVERTER V,,,,,150,cv,,,,other,,HS-150-24,,,,,220_240v_ac
1202150600,LED Converter HLG-150H-24A nicht dimmbar IP65,91.0,19,instock,simple,publish,LED Treiber,CONVERTER V SIMPEX,,228,68,38.8,,,,,IP65,other,Simpex,HLG-150H-24A,228,68,38.8,medium,220_240v_ac
1202160200,LED Converter GST160A24-R7B 160W 24VDC,65.0,0,outofstock,simple,publish,LED Treiber,CONVERTER V SIMPEX,,175,72,35,160,cv,,,,other,Simpex,GST160A24-R7B+St. CH,175,72,35,medium,220_240v_ac
1202185600,LED Converter HLG-185H-24A nicht dimmbar IP65,98.0,7,instock,simple,publish,LED Treiber,CONVERTER V SIMPEX,,228,68,38.8,,,,,IP65,other,Simpex,HLG-185H-24A,228,68,38.8,medium,220_240v_ac
1202200200,LED Converter TRA-200-24 24V/DC max. 200W,1.0,0,outofstock,simple,publish,LED Treiber,CONVERTER V,,,,,200,cv,,,,other,,HS-200-24,,,,,220_240v_ac
1202200201,LED Converter LC 200W 24V SC SNC2,76.0,9,instock,simple,publish,LED Treiber,CONVERTER V TRIDONIC,,325,43,30,200,cv,,,,lc,Tridonic,87501053,325,43,30,large,220_240v_ac
1202200600,LED Converter NPF 200W 24VDC IP67,64.0,0,outofstock,simple,publish,LED Treiber,CONVERTER V SIMPEX,,195,68,39.5,200,cv,,,IP67,other,Simpex,NPF-200-24,195,68,39.5,medium,220_240v_ac
1202240600,LED Converter HLG-240H-24A nicht dimmbar IP65,121.0,5,instock,simple,publish,LED Treiber,CONVERTER V SIMPEX,,244.2,68,38.8,,,,,IP65,other,Simpex,HLG-240H-24A,244.2,68,38.8,medium,220_240v_ac
1202250200,LED Converter TRA-250-24 24V/DC max. 250W,1.0,0,outofstock,simple,publish,LED Treiber,CONVERTER V,,,,,250,cv,,,,other,,HS-250-24,,,,,220_240v_ac
1202250201,LED Converter OT SLIM  250/220-240/24,71.0,0,outofstock,simple,publish,LED Treiber,CONVERTER V,,343,60,31,,,,,,other,Osram/Ledvance,4062172135917 | OT SLIM 250/220-240/24,343,60,31,large,220_240v_ac
1202320600,LED Converter HLG-320H-24A nicht dimmbar IP65,163.0,4,instock,simple,publish,LED Treiber,CONVERTER V SIMPEX,,252,90,43.8,,,,,IP65,other,Simpex,HLG-320H-24A,252,90,43.8,large,220_240v_ac
1202480600,LED Converter HLG-480H-24A nicht dimmbar IP65,243.0,4,instock,simple,publish,LED Treiber,CONVERTER V SIMPEX,,262,125,43.8,,,,,IP65,other,Simpex,HLG-480H-24A,262,125,43.8,large,220_240v_ac
1202600600,LED Converter HLG-600H-24A nicht dimmbar IP65,378.0,0,outofstock,simple,publish,LED Treiber,CONVERTER V SIMPEX,,280,144,43.8,,,,,IP65,other,Simpex,HLG-600H-24A,280,144,43.8,large,220_240v_ac
1203150600,LED Converter HLG-150H-36A nicht dimmbar IP65,99.0,0,outofstock,simple,publish,LED Treiber,CONVERTER V IP SIMPEX,,228,68,38.8,,,,,IP65,other,Simpex,HLG-150H-36A,228,68,38.8,medium,220_240v_ac
1204035200,LED Converter LC 35W 48V SC SNC SP,28.0,0,outofstock,simple,publish,LED Treiber,CONVERTER V TRIDONIC,,142,43,30,35,cv,,,,lc,Tridonic,87501112,142,43,30,medium,220_240v_ac
1204150600,LED Converter HLG-150H-48A nicht dimmbar IP65,91.0,0,outofstock,simple,publish,LED Treiber,CONVERTER V IP SIMPEX,,228,68,38.8,,,,,IP65,other,Simpex,HLG-150H-48A,228,68,38.8,medium,220_240v_ac
1204320600,LED Converter HLG-320H-48A nicht dimmbar IP65,162.0,0,outofstock,simple,publish,LED Treiber,CONVERTER V SIMPEX,,252,90,43.8,,,,,IP65,other,Simpex,HLG-320H-48A,252,90,43.8,large,220_240v_ac
1204480600,LED Converter HLG-480H-48A nicht dimmbar IP65,264.0,0,outofstock,simple,publish,LED Treiber,CONVERTER V SIMPEX,,262,125,43.8,,,,,IP65,other,Simpex,HLG-480H-48A,262,125,43.8,large,220_240v_ac
1211020200,LED Converter 12V 20W 1-10V dimmbar (analog),68.0,0,outofstock,simple,publish,LED Treiber,CONVERTER V BRUMBERG,,145,55,19,20,cv,1_10v,,,other,Eaglerise,3506,145,55,19,medium,220_240v_ac
1211040600,LED Converter HLG-40H-12B dimmbar 1-10V IP67,64.0,0,outofstock,simple,publish,LED Treiber,CONVERTER V SIMPEX,,171,61.5,36.8,,,1_10v,,IP67,other,Simpex,HLG-40H-12B,171,61.5,36.8,medium,220_240v_ac
1211120600,LED Converter HLG-120H-12B dimmbar 1-10V IP67,100.0,0,outofstock,simple,publish,LED Treiber,CONVERTER V SIMPEX,,220,68,38.8,,,1_10v,,IP67,other,Simpex,HLG-120H-12B,220,68,38.8,medium,220_240v_ac
1211150600,LED Converter HLG-150H-12B dimmbar 1-10V IP67,93.0,0,outofstock,simple,publish,LED Treiber,CONVERTER V SIMPEX,,228,68,38.8,,,1_10v,,IP67,other,Simpex,HLG-150H-12B,228,68,38.8,medium,220_240v_ac
1211185600,LED Converter HLG-185H-12B dimmbar 1-10V IP67,109.0,0,outofstock,simple,publish,LED Treiber,CONVERTER V SIMPEX,,228,68,38.8,,,1_10v,,IP67,other,Simpex,HLG-185H-12B,228,68,38.8,medium,220_240v_ac
1211240600,LED Converter HLG-240H-12B dimmbar 1-10V IP67,123.0,25,instock,simple,publish,LED Treiber,CONVERTER V SIMPEX,,244.2,68,38.8,,,1_10v,,IP67,other,Simpex,HLG-240H-12B,244.2,68,38.8,medium,220_240v_ac
1211320600,LED Converter HLG-320H-12B dimmbar 1-10V IP67,167.0,0,outofstock,simple,publish,LED Treiber,CONVERTER V SIMPEX,,252,90,43.8,,,1_10v,,IP67,other,Simpex,HLG-320H-12B,252,90,43.8,large,220_240v_ac
1212025600,LED Converter LPF-25D-24 dimmbar 1-10V IP67,44.0,0,outofstock,simple,publish,LED Treiber,CONVERTER V SIMPEX,,148,40,32,,,1_10v,,IP67,other,Simpex,LPF-25D-24,148,40,32,medium,220_240v_ac
1212040600,LED Converter LPF-40D-24 dimmbar 1-10V IP67,51.0,0,outofstock,simple,publish,LED Treiber,CONVERTER V SIMPEX,,162.5,43,32,,,1_10v,,IP67,other,Simpex,LPF-40D-24,162.5,43,32,medium,220_240v_ac
1212040601,LED Converter HLG-40H-24B dimmbar 1-10V IP67,59.0,16,instock,simple,publish,LED Treiber,CONVERTER V SIMPEX,,171,61.5,36.8,,,1_10v,,IP67,other,Simpex,HLG-40H-24B,171,61.5,36.8,medium,220_240v_ac
1212040602,LED Converter NPF 40W 1-10V dimmbar IP67,47.0,2,instock,simple,publish,LED Treiber,CONVERTER V SIMPEX,,150,53,35,40,,1_10v,,IP67,other,Simpex,NPF-40D-24,150,53,35,medium,220_240v_ac
1212060200,LED Converter XLC 60W 24V/2.5A 1-10V,49.0,0,outofstock,simple,publish,LED Treiber,CONVERTER V SIMPEX,,176,45,32,60,cv,1_10v,,,other,Simpex,XLC-60-24-BS,176,45,32,medium,220_240v_ac
1212060600,LED Converter HLG-60H-24B dimmbar 1-10V IP67,66.0,17,instock,simple,publish,LED Treiber,CONVERTER V SIMPEX,,171,61.5,36.8,,,1_10v,,IP67,other,Simpex,HLG-60H-24B,171,61.5,36.8,medium,220_240v_ac
1212080200,LED Converter OT 80/220-240/24 DIM P,76.0,3,instock,simple,publish,LED Treiber,CONVERTER V,,250,50,34,,,,,,other,Osram/Ledvance,4008321981677,250,50,34,medium,220_240v_ac
1212080601,LED Converter HLG-80H-24B dimmbar 1-10V IP67,73.0,12,instock,simple,publish,LED Treiber,CONVERTER V SIMPEX,,195.6,61.5,38.8,,,1_10v,,IP67,other,Simpex,HLG-80H-24B,195.6,61.5,38.8,medium,220_240v_ac
1212100600,LED Converter HLG-100H-24B dimmbar 1-10V IP67,97.0,22,instock,simple,publish,LED Treiber,CONVERTER V SIMPEX,,220,68,38.8,,,1_10v,,IP67,other,Simpex,HLG-100H-24B,220,68,38.8,medium,220_240v_ac
1212120601,LED Converter HLG-120H-24B dimmbar 1-10V IP67,85.0,16,instock,simple,publish,LED Treiber,CONVERTER V SIMPEX,,220,68,38.8,,,1_10v,,IP67,other,Simpex,HLG-120H-24B,220,68,38.8,medium,220_240v_ac
1212150600,LED Converter HLG-150H-24B dimmbar 1-10V IP67,102.0,17,instock,simple,publish,LED Treiber,CONVERTER V SIMPEX,,228,68,38.8,,,1_10v,,IP67,other,Simpex,HLG-150H-24B,228,68,38.8,medium,220_240v_ac
1212185600,LED Converter HLG-185H-24B dimmbar 1-10V IP67,109.0,8,instock,simple,publish,LED Treiber,CONVERTER V SIMPEX,,228,68,38.8,,,1_10v,,IP67,other,Simpex,HLG-185H-24B,228,68,38.8,medium,220_240v_ac
1212240601,LED Converter HLG-240H-24B dimmbar 1-10V IP67,123.0,16,instock,simple,publish,LED Treiber,CONVERTER V SIMPEX,,244.2,68,38.8,,,1_10v,,IP67,other,Simpex,HLG-240H-24B,244.2,68,38.8,medium,220_240v_ac
1212320600,LED Converter HLG-320H-24B dimmbar 1-10V IP67,183.0,5,instock,simple,publish,LED Treiber,CONVERTER V SIMPEX,,252,90,43.8,,,1_10v,,IP67,other,Simpex,HLG-320H-24B,252,90,43.8,large,220_240v_ac
1212480600,LED Converter HLG-480H-24B dimmbar 1-10V IP67,284.0,2,instock,simple,publish,LED Treiber,CONVERTER V SIMPEX,,262,125,43.8,,,1_10v,,IP67,other,Simpex,HLG-480H-24B,262,125,43.8,large,220_240v_ac
1212600600,LED Converter HLG-600H-24B dimmbar 1-10V IP67,322.0,0,outofstock,simple,publish,LED Treiber,CONVERTER V SIMPEX,,280,144,43.8,,,1_10v,,IP67,other,Simpex,HLG-600H-24B,280,144,43.8,large,220_240v_ac
1221060200,LED Converter XLC 60W 12V/5A DALI | TOUCHDIM,49.0,0,outofstock,simple,publish,LED Treiber,CONVERTER V SIMPEX,,176,45,32,60,cv,dali|touchdim,,,other,Simpex,XLC-60-12-DA2S,176,45,32,medium,220_240v_ac
1221060201,LED Converter XLC 60W 12V/5A DALI | TOUCHDIM,48.0,0,outofstock,simple,publish,LED Treiber,CONVERTER V SIMPEX,,136,45,32,60,cv,dali|touchdim,,,other,Simpex,XLC-60-12-DA2,136,45,32,medium,220_240v_ac
1221060600,LED Converter PWM 60W 12V DALI | IP67,43.0,0,outofstock,simple,publish,LED Treiber,CONVERTER V,,150,53,35,60,cv,dali,,IP67,other,Simpex,PWM-60-12DA2,150,53,35,medium,220_240v_ac
1221075600,LED Converter ELG-75-12DA DALI dimmbar IP67,50.0,3,instock,simple,publish,LED Treiber,CONVERTER V SIMPEX,,180,63,35.5,,,dali,,IP67,other,Simpex,ELG-75-12DA-3Y,180,63,35.5,medium,220_240v_ac
1222018200,LED Converter LC 18W 24V one4all NF SC EXC2,45.0,16,instock,simple,publish,LED Treiber,CONVERTER V,,175,43,30,18,cv,one4all,,,lc,Tridonic,28004434,175,43,30,medium,220_240v_ac
1222018201,LED Converter LC 18W 24V one4all Ip PRE,49.0,18,instock,simple,publish,LED Treiber,CONVERTER V,,280,30,21,18,cv,one4all,,,lc,Tridonic,28003519,280,30,21,large,220_240v_ac
1222020600,LED Converter HDL 20W 24V DALI dimmbar IP67,42.0,34,instock,simple,publish,LED Treiber,CONVERTER V,,115,38,22,20,cv,dali,,IP67,other,KAV,HDL-CV-20,115,38,22,compact,220_240v_ac
1222025201,LED Converter 25W 24VDC DALI | TOUCH DIM,102.0,0,outofstock,simple,publish,LED Treiber,CONVERTER V LUNATONE ERVOTECH,,110,41,21.6,25,cv,dali|touchdim,,,other,K00473,9453849-24V,110,41,21.6,compact,220_240v_ac
1222035200,LED Converter LCA 35W 24V one4all SC PRE,55.0,75,instock,simple,publish,LED Treiber,CONVERTER V TRIDONIC,,195,43,30.2,35,cv,one4all,,,lca,Tridonic,28001662,195,43,30.2,medium,220_240v_ac
1222035202,LED Converter LC 35W 24V one4all NF Ip EXC2,55.0,11,instock,simple,publish,LED Treiber,CONVERTER V TRIDONIC,,360,30,21,35,cv,one4all,,,lc,Tridonic,28005503,360,30,21,large,220_240v_ac
1222035203,LED Converter LCA 35W 24V one4all NF SC EXC2,55.0,0,outofstock,simple,publish,LED Treiber,CONVERTER V TRIDONIC,,195,43,30,35,cv,one4all,,,lca,Tridonic,28004430,195,43,30,medium,220_240v_ac
1222040200,LED Converter 40W 24V DC DALI,66.0,0,outofstock,simple,publish,LED Treiber,CONVERTER V,,122,78,32,40,cv,dali,,,other,BAG Electronics,843278,122,78,32,medium,220_240v_ac
1222040600,LED Converter HDL 40W 24V DALI dimmbar IP67,49.0,32,instock,simple,publish,LED Treiber,CONVERTER V,,125,42,28,40,cv,dali,,IP67,other,KAV,HDL-CV-40,125,42,28,medium,220_240v_ac
1222045200,LED Converter LS-45-24 LI 45W 24VDC DALI,46.0,69,instock,simple,publish,LED Treiber,CONVERTER V SIMPEX,,187,45,30.5,45,cv,dali,,,other,Simpex,LS-45-24 DALI2 LI,187,45,30.5,medium,220_240v_ac
1222060200,LED Converter LC 60W 24V one4all NF SC EXC2,66.0,6,instock,simple,publish,LED Treiber,CONVERTER V TRIDONIC,,225,43,30,60,cv,one4all,,,lc,Tridonic,28004431,225,43,30,medium,220_240v_ac
1222060202,LED Converter 60W 24V DALI | TOUCHDIM,49.0,0,outofstock,simple,publish,LED Treiber,CONVERTER V KGP,,350,30,18,60,cv,dali|touchdim,,,other,K00738,LV60W24CG2 DALI,350,30,18,large,220_240v_ac
1222060203,LED Converter LC 60W 24V one4all Ip PRE EXC2,66.0,2,instock,simple,publish,LED Treiber,CONVERTER V TRIDONIC,,360,30,21,60,cv,one4all,,,lc,Tridonic,28005504,360,30,21,large,220_240v_ac
1222060600,LED Converter PWM-60-24DA2 DALI dimmbar IP67,47.0,5,instock,simple,publish,LED Treiber,CONVERTER V SIMPEX,,150,53,35,,,dali,,IP67,other,Simpex,PWM-60-24DA2,150,53,35,medium,220_240v_ac
1222060601,LED Converter HDL 60W 24V DALI dimmbar IP67,53.0,24,instock,simple,publish,LED Treiber,CONVERTER V,,155,42,28,60,cv,dali,,IP67,other,KAV,HDL-CV-60,155,42,28,medium,220_240v_ac
1222060602,LED Converter LDM60S DALI dimmbar IP67,102.0,1,instock,simple,publish,LED Treiber,CONVERTER V,,207,40,28,,,dali,,IP67,other,Simpex,LDM60S,207,40,28,medium,220_240v_ac
1222060603,LED Converter 60W 24V PWM DALI | TOUCHDIM | IP67,99.0,0,outofstock,simple,publish,LED Treiber,CONVERTER V ALLEGRA SWISS ISOLED,,290,30,21,60,cv,dali|touchdim,,IP67,other,K00043,114942,290,30,21,large,220_240v_ac
1222060604,LED Converter 60W 24V XLN DALI | TOUCHDIM | IP67,51.0,0,outofstock,simple,publish,LED Treiber,CONVERTER V,,141,49,32,60,cv,dali|touchdim,,IP67,other,Simpex,XLN-60-24-DA2,141,49,32,medium,220_240v_ac
1222075600,LED Converter ELG-75-24DA DALI dimmbar IP67,50.0,1,instock,simple,publish,LED Treiber,CONVERTER V,,180,63,35.5,,,dali,,IP67,other,Simpex,ELG-75-24DA-3Y,180,63,35.5,medium,220_240v_ac
1222090600,LED Converter PWM-90-24DA DALI dimmbar IP67,77.0,0,outofstock,simple,publish,LED Treiber,CONVERTER V,,171,63,37.5,,,dali,,IP67,other,Simpex,PWM-90-24DA2,171,63,37.5,medium,220_240v_ac
1222100200,LED Converter LC 100W 24V one4all NF SC EXC2,79.0,16,instock,simple,publish,LED Treiber,CONVERTER V SIMPEX,,295,43,30,100,cv,one4all,,,lc,Tridonic,28004432,295,43,30,large,220_240v_ac
1222100201,LED Converter LCA 100W 24V one4all Ip PRE,79.0,64,instock,simple,publish,LED Treiber,CONVERTER V TRIDONIC,,425,30,21,100,cv,one4all,,,lca,Tridonic,28001436,425,30,21,large,220_240v_ac
1222100202,LED Converter MS 100W 24V DALI,60.0,0,outofstock,simple,publish,LED Treiber,CONVERTER V SIMPEX,,425,30,21,100,cv,dali,,,other,Simpex,MS-100-24-DALI2-LI,425,30,21,large,220_240v_ac
1222100600,LED Converter ELG-100-24DA DALI dimmbar IP67,53.0,0,outofstock,simple,publish,LED Treiber,CONVERTER V,,199,63,35.5,,,dali,,IP67,other,Simpex,ELG-100-24DA-3Y,199,63,35.5,medium,220_240v_ac
1222150200,LED Converter LCA 150W 24V one4all SC PRE,106.0,39,instock,simple,publish,LED Treiber,CONVERTER V TRIDONIC,,325,43,29.8,150,cv,one4all,,,lca,Tridonic,28001923,325,43,29.8,large,220_240v_ac
1222150600,LED Converter ELG-150-24DA DALI dimmbar IP67,64.0,0,outofstock,simple,publish,LED Treiber,CONVERTER V,,219,63,35.5,,,dali,,IP67,other,Simpex,ELG-150-24DA-3Y,219,63,35.5,medium,220_240v_ac
1222200200,LED Converter LC 200W 24V one4all NF SC EXC2,105.0,31,instock,simple,publish,LED Treiber,CONVERTER V,,325,43,30.2,200,cv,one4all,,,lc,Tridonic,28004433 Open | 28004438 SP,325,43,30.2,large,220_240v_ac
1222200600,LED Converter ELG-200-24DA DALI dimmbar IP67,69.0,0,outofstock,simple,publish,LED Treiber,CONVERTER V,,244,71,37.5,,,dali,,IP67,other,Simpex,ELG-200-24DA-3WUSI,244,71,37.5,medium,220_240v_ac
1222200601,LED Converter PWM-200-24DA DALI2 | TOUCHDIM | IP67,96.0,0,outofstock,simple,publish,LED Treiber,CONVERTER V,,195,68,39.5,,,dali|touchdim,,IP67,other,Simpex,PWM-200-24DA2,195,68,39.5,medium,220_240v_ac
1222200602,LED Converter 200W 24VDC | DALI-2 | TOUCHDIM | IP66,384.0,0,outofstock,simple,publish,LED Treiber,CONVERTER V LUCE & LIGHT,,232,78,25.1,200,cv,dali|touchdim,,IP66,other,K00421,AV0D024V20066,232,78,25.1,medium,220_240v_ac
1222240600,LED Converter ELG-240-24DA DALI dimmbar IP67,66.0,0,outofstock,simple,publish,LED Treiber,CONVERTER V,,244,71,37.5,,,dali,,IP67,other,Simpex,ELG-240-24DA-3Y,244,71,37.5,medium,220_240v_ac
1222240601,LED Converter 240W 24V PWM DALI | TOUCHDIM | IP67,140.0,0,outofstock,simple,publish,LED Treiber,CONVERTER V ALLEGRA SWISS ISOLED,,385,30,21,240,cv,dali|touchdim,,IP67,other,K00043,114944,385,30,21,large,220_240v_ac
1222250200,LED Converter 250W 24V DALI | TOUCHDIM,80.0,0,outofstock,simple,publish,LED Treiber,CONVERTER V KGP,,400,40,22,250,cv,dali|touchdim,,,other,K00738,LV250W24CG2 DALI,400,40,22,large,220_240v_ac
1224035200,LED Converter LC 35W 48V one4all NF SC EXC SP,75.0,3,instock,simple,publish,LED Treiber,CONVERTER V LC 35W 48V ONE4ALL NF SC EXC SP,,195,43,29.8,35,cv,one4all,,,lc,Tridonic,28003840,195,43,29.8,medium,220_240v_ac
1224100200,LED Converter LC 100W 48V one4all NF SC EXC,74.0,5,instock,simple,publish,LED Treiber,CONVERTER V,,225,43,30,100,cv,one4all,,,lc,Tridonic,28003535,225,43,30,medium,220_240v_ac
1224150200,LED Converter SRPN 150W 48V DALI2 DT6 | TOUCHDIM,86.0,0,outofstock,simple,publish,LED Treiber,CONVERTER V SIMPEX,,365.6,43,30,150,cv,dali|touchdim,,,other,Simpex,SRPN-2305-150-48V,365.6,43,30,large,220_240v_ac
1224200200,LED Converter LC 200W 48V one4all NF SC EXC,136.0,73,instock,simple,publish,LED Treiber,CONVERTER V,,325,43,30,200,cv,one4all,,,lc,Tridonic,28003536 Open | 28003843 SP,325,43,30,large,220_240v_ac
1224200600,LED Converter PWM-200-48DA DALI2 | TOUCHDIM IP67,85.0,1,instock,simple,publish,LED Treiber,CONVERTER V,,195,68,39.5,,,dali|touchdim,,IP67,other,Simpex,PWM-200-48DA2,195,68,39.5,medium,220_240v_ac
1224240600,LED Converter ELG-240-48DA DALI dimmbar IP67,101.0,4,instock,simple,publish,LED Treiber,CONVERTER V,,244,71,37.5,,,dali,,IP67,other,Simpex,ELG-240-48DA-3Y,244,71,37.5,medium,220_240v_ac
1231050200,LED Converter 50W 12V Phasenabschnitt dimmbar,55.0,0,outofstock,simple,publish,LED Treiber,CONVERTER V,,177,57,23,50,cv,,,,other,K00043,113928,177,57,23,medium,220_240v_ac
1232019200,"LED Converter 19.2W, 24V/DC Phasenanschnitt",90.0,0,outofstock,simple,publish,LED Treiber,CONVERTER V,,117,75,20,19.2,cv,,,,other,BAG Electronics,45BA66002419,117,75,20,compact,220_240v_ac
1232025200,LED Converter 25W 24V Phasenanschnitt dimmbar,40.0,0,outofstock,simple,publish,LED Treiber,CONVERTER V,,122,48,24,25,cv,,,,other,BAG Electronics,L5202402DT,122,48,24,medium,220_240v_ac
1232050200,LED Converter 50W 24V phasenabschnitt dimmbar,78.0,0,outofstock,simple,publish,LED Treiber,CONVERTER V,,177,57,23,50,cv,,,,other,K00043,113929,177,57,23,medium,220_240v_ac
1232060600,LED Converter 60W 24V Phasenanschnitt dimmbar,56.0,0,outofstock,simple,publish,LED Treiber,CONVERTER V,,204,44.5,37,60,cv,,,,other,BAG Electronics,372718 / 112426,204,44.5,37,medium,220_240v_ac
1242024200,LED Converter 24W 24V 1-10V | DALI2 | PUSH,120.0,0,outofstock,simple,publish,LEU,CONVERTER ZU FRONK / FROG FLEXALIGHTING LUX-IT,,164,38,24.5,24,cv,dali|1_10v,,,other,BAG Electronics,AL5012,164,38,24.5,medium,220_240v_ac
1242030200,LED Converter SRP 30W 24V DALI | 1-10V | Phasendimmbar,36.0,0,outofstock,simple,publish,LED Treiber,CONVERTER V SIMPEX,,170,53,28,30,cv,dali|1_10v,,,other,Simpex,SRP-2305-30-MULTIDIM-24V,170,53,28,medium,220_240v_ac
1242150200,LED Converter LUP 150W 24V DALI | 1-10V | TOUCHDIM,68.0,0,outofstock,simple,publish,LED Treiber,CONVERTER V SIMPEX,,360,30.5,21.8,150,cv,dali|1_10v|touchdim,,,other,Simpex,LUP150-LVDA,360,30.5,21.8,large,220_240v_ac
1242200200,LED Converter SRP 200W 24V DALI | 1-10V | Phasendimmbar,153.0,0,outofstock,simple,publish,LED Treiber,CONVERTER V,,330,79,39,200,cv,dali|1_10v,,,other,Simpex,SRP-TRIAC-200-24V,330,79,39,large,220_240v_ac
1262035200,LED Converter LC 35W 24V bDW SC PRE2 Casambi,125.0,0,outofstock,simple,publish,LED Treiber,CONVERTER V CASAMBI TRIDONIC,,195,43,29.8,35,cv,casambi,,,lc,Tridonic,28002677,195,43,29.8,medium,220_240v_ac
1262060200,LED Converter LC 60W 24V bDW SC PRE2 Casambi,140.0,11,instock,simple,publish,LED Treiber,CONVERTER V CASAMBI TRIDONIC,,225,43,30.2,60,cv,casambi,,,lc,Tridonic,28002674,225,43,30.2,medium,220_240v_ac
1262100200,LED Converter LC 100W 24V bDW SC PRE2 Casambi,157.0,2,instock,simple,publish,LED Treiber,CONVERTER V CASAMBI TRIDONIC,,295,43,29.8,100,cv,casambi,,,lc,Tridonic,28002675,295,43,29.8,large,220_240v_ac
1262150200,LED Converter LC 150W 24V bDW SC PRE2 Casambi,187.0,0,outofstock,simple,publish,LED Treiber,CONVERTER V CASAMBI TRIDONIC,,325,43,29.8,150,cv,casambi,,,lc,Tridonic,28002678,325,43,29.8,large,220_240v_ac
1272100200,LED Converter SRPN 100W 24V Zigbee 3.0,63.0,0,outofstock,simple,publish,LED Treiber,CONVERTER V,,306.6,43,30,100,cv,zigbee,,,other,Simpex,SRPN-9101-100-24V,306.6,43,30,large,220_240v_ac
1310020200,LED Converter Mini Jolly 20W 1-10V 250-700mA 24V,60.0,0,outofstock,simple,publish,LED Treiber,CONVERTER V / MA,,110,52,22,20,cc,1_10v,250-700mA,,other,TCI,123400,110,52,22,compact,220_240v_ac
1310020201,LED Converter Mini Jolly 20W 1-10V | TD 250-900mA 12/24VDC,46.0,0,outofstock,simple,publish,LED Treiber,CONVERTER V / MA,,111,52,22,20,cc,1_10v,250-900mA,,other,BAG Electronics,125400,111,52,22,compact,220_240v_ac
1310025200,LED Converter Multi DIM2 350/500/700mA / 12/24VDC,58.0,0,outofstock,simple,publish,LED Treiber,CONVERTER V / MA,,145.6,38.4,26.7,,cc,,350/500/700mA,,other,BAG Electronics,TRA-MULTI-DIM2,145.6,38.4,26.7,medium,220_240v_ac
1310035200,LED Converter 35W 1-10V 350/500/700mA | 12/24VDC,43.0,0,outofstock,simple,publish,LED Treiber,CONVERTER V / MA RELCO,,103,67,24,35,cc,1_10v,350/500/700mA,,other,BAG Electronics,TRA-MULTI-DIM-NEW | PTDCMD35,103,67,24,compact,220_240v_ac
1320020200,LED Converter Mini Jolly DALI 20W 250-700mA 24V,63.0,0,outofstock,simple,publish,LED Treiber,CONVERTER V / MA,,110,52,22,20,cc,dali,250-700mA,,other,BAG Electronics,125403 | 373037,110,52,22,compact,220_240v_ac
1320020201,LED Converter Mini Jolly LC DALI 20W 100-380mA 24V,62.0,0,outofstock,simple,publish,LED Treiber,CONVERTER V / MA,,110,52,22,20,cc,dali,100-380mA,,lc,TCI,151395,110,52,22,compact,220_240v_ac
1320020202,LED Converter Mini Jolly DALI-2 20W 250-700mA,68.0,0,outofstock,simple,publish,LED Treiber,CONVERTER V / MA,,110,52,22,20,cc,dali,250-700mA,,other,TCI,151403 | A005145,110,52,22,compact,220_240v_ac
1320025200,LED Converter Mini Jolly DALI-2 25W 150-900mA 24V,68.0,8,instock,simple,publish,LED Treiber,CONVERTER V / MA,,111,52,22,25,cc,dali,150-900mA,,other,TCI,151140 | A005194,111,52,22,compact,220_240v_ac
1320032200,LED Converter Jolly DALI 32W 250-700mA,71.0,1,instock,simple,publish,LED Treiber,CONVERTER MA,,93.5,67,21,32,cc,dali,250-700mA,,other,BAG Electronics,151424,93.5,67,21,compact,220_240v_ac
1330020200,LED Converter Mini Jolly MD 20W 250-900mA 24V Phasendimmbar,45.0,0,outofstock,simple,publish,LED Treiber,CONVERTER V / MA,,111,52,22,20,cc,,250-900mA,,other,TCI,127556,111,52,22,compact,220_240v_ac
1340032200,LED Converter JOLLY SLIM 32W TOUCH-DIM | 1-10V,79.0,0,outofstock,simple,publish,LED Treiber,CONVERTER V / MA,,237,30,21,32,,1_10v,,,other,TCI,122680,237,30,21,medium,220_240v_ac
1421100200,LED Converter SRPN 100W 24V Tunable White Zigbee 3.0,86.0,14,instock,simple,publish,LED Treiber,CONVERTER V,,306.6,43,30,100,cv,zigbee,,,other,Simpex,SRPN-9101-100-TW-24V,306.6,43,30,large,220_240v_ac
1421100201,LED Converter SRPN 100W 24V Tunable White Casambi,104.0,4,instock,simple,publish,LED Treiber,CONVERTER V CASAMBI SIMPEX,,306.6,43,30,100,cv,casambi,,,other,Simpex,SRPN-9105-100-TW-24V,306.6,43,30,large,220_240v_ac
1422009200,LED Converter zu RAYM/SPARK 9W 500mA DALI DT8 Tunable White,120.0,0,outofstock,simple,publish,LED Treiber,CONVERTER MA RAYM/SPARK RIBAG,,117,46,24,9,cc,dali,500mA,,other,K00288,915.031.500 DT8,117,46,24,compact,220_240v_ac
1422015201,LED Converter OTI DALI 15W 150-1050mA DALI DT8 Tunable White,52.0,4,instock,simple,publish,LED Treiber,STEUERGERÄT 2 KANAL | OTI DALI 15/220-240/1A0 NFC TW I INVENTRONICS,,203,44.5,34,15,cc,dali,150-1050mA,,other,Osram/Ledvance,6937186150189 | OTi DALI 15/220-240/1A0 NFC TW I,203,44.5,34,medium,220_240v_ac
1422025200,LED Converter SRPY 25W 300-850mA DALI2 DT8 Tunable White,36.0,2,instock,simple,publish,LED Treiber,CONVERTER 2 KANAL SIMPEX,,,,30,25,cc,dali,300-850mA,,other,Simpex,SRPY-2309N-25CCT300-850,,,30,,220_240v_ac
1422030200,LED Converter SRP 30W 250-1000mA DALI DT8 Tunable White,0.0,0,outofstock,simple,publish,LED Treiber,STEUERGERÄT 2 KANAL,,170,53.4,28,30,cc,dali,250-1000mA,,other,Simpex,SRP-2309-30-TW-CC,170,53.4,28,medium,220_240v_ac
1422045200,LED Converter LS-45-24 LI 45W 24VDC DALI DT8 Tunable White,65.0,20,instock,simple,publish,LED Treiber,CONVERTER V,,187,45,30.5,45,cv,dali,,,other,Simpex,LS-45-24 DALI2-DT8 LI,187,45,30.5,medium,220_240v_ac
1422050201,LED Converter SRP 50W 250-1500mA DALI DT8 Tunable White,45.0,4,instock,simple,publish,LED Treiber,STEUERGERÄT 2 KANAL,,210,50,32,50,cc,dali,250-1500mA,,other,Simpex,SRP-2309-50-TW-CC,210,50,32,medium,220_240v_ac
1422075200,LED Converter EULP 75W 24VDC DALI2 DT8 Tunable White,75.0,6,instock,simple,publish,LED Treiber,STEUERGERÄT 2 KANAL,,360,30,21,75,cv,dali,,,other,Simpex,EULP75D-2H24V,360,30,21,large,220_240v_ac
1422075201,LED Converter SRP 75W 250-1500mA DALI DT8 Tunable White,53.0,26,instock,simple,publish,LED Treiber,STEUERGERÄT 2 KANAL SIMPEX,,244,64,32,75,cc,dali,250-1500mA,,other,Simpex,SRP-2309-75-TW-CC,244,64,32,medium,220_240v_ac
1422080200,LED Converter OTi DALI 80/220-240/24 Tunable White,74.0,1,instock,simple,publish,LED Treiber,STEUERGERÄT 2 KANAL,,345,32,22,,,dali,,,other,Osram/Ledvance,4052899490758,345,32,22,large,220_240v_ac
1422080201,LED Converter SRPL 80W 100-2000mA DALI2 DT8 Tunable White NFC,60.0,0,outofstock,simple,publish,LED Treiber,STEUERGERÄT 2 KANAL,,355,30,21,80,cc,dali|nfc,100-2000mA,,other,Simpex,SRPL-2309N-80CCT1000-2000,355,30,21,large,220_240v_ac
1422080202,LED Converter LS-80-24 LI 80W 24VDC DALI DT8 Tunable White,78.0,15,instock,simple,publish,LED Treiber,STEUERGERÄT 2 KANAL,,340,45,30.5,80,cv,dali,,,other,Simpex,LS-80-24 DALI2-DT8 LI,340,45,30.5,large,220_240v_ac
1422100200,LED Converter SRPN 100W 24V DALI2 DT8 Tunable White,72.0,38,instock,simple,publish,LED Treiber,STEUERGERÄT 2 KANAL SIMPEX,,306.6,43,30,100,cv,dali,,,other,Simpex,SRPN-2309-100-TW-24V,306.6,43,30,large,220_240v_ac
1422150200,LED Converter LS-150-24 LI 150W 24VDC DALI DT8 Tunable White,66.0,50,instock,simple,publish,LED Treiber,STEUERGERÄT 2 KANAL SIMPEX,,340,45,30.5,150,cv,dali,,,other,Simpex,LS-150-24 DALI2-DT8 LI,340,45,30.5,large,220_240v_ac
1432050200,LED Converter Power Drive 562/A 200-1050mA 50W 3K,155.0,0,outofstock,simple,publish,LED Treiber,LED CONVERTER ELDO 562/A,,152.5,76,30.1,50,cc,,200-1050mA,,other,Eldoled,PW0562A1,152.5,76,30.1,medium,220_240v_ac
1441100200,LED Converter SRPN 100W 24V RGBW Zigbee 3.0,103.0,0,outofstock,simple,publish,LED Treiber,CONVERTER V,,306.6,43,30,100,cv,zigbee,,,other,Simpex,SRPN-9101-100-RGBW-24V,306.6,43,30,large,220_240v_ac
1442030200,LED Converter SRPL 30W 250-850mA AC-PUSH,37.0,0,outofstock,simple,publish,LED Treiber,STEUERGERÄT 1 KANAL,,243,30,21,30,cc,,250-850mA,,other,Simpex,SRPL-2305N-30CC250-850,243,30,21,medium,220_240v_ac
1442050200,LED Converter OTi DALI 50/220-240/24 4 Kanal,57.0,2,instock,simple,publish,LED Treiber,STEUERGERÄT 4 KANAL,,345,32,22,,,dali,,,other,Osram/Ledvance,4052899452916,345,32,22,large,220_240v_ac
1442050201,LED Converter Power Drive 561/A 200-1050mA 50W 4K,155.0,6,instock,simple,publish,LED Treiber,LED CONVERTER ELDO 561/A,,152.5,76,30.1,50,cc,,200-1050mA,,other,Eldoled,PW0561A1,152.5,76,30.1,medium,220_240v_ac
1442050202,LED Converter Power Drive 50SA-M4Z0X 150-1400mA 50W 4K,129.0,0,outofstock,simple,publish,LED Treiber,LED CONVERTER ELDO 50SA-M4Z0X,,153,76,30.5,50,cc,,150-1400mA,,other,Eldoled,PW50SA-M4Z0X1,153,76,30.5,medium,220_240v_ac
1442075201,LED Converter SRP 75W 24V DALI DT8 RGBW 4in1,89.0,8,instock,simple,publish,LED Treiber,STEUERGERÄT 4 KANAL,,244,64,32,75,cv,dali,,,other,Simpex,SRP-2309-75-PRO-24V,244,64,32,medium,220_240v_ac
1442075202,LED Converter SRP 75W 250-1500mA DALI DT8 RGBW Push Dimming,90.0,0,outofstock,simple,publish,LED Treiber,STEUERGERÄT 4 KANAL,,244,64,32,75,cc,dali,250-1500mA,,other,Simpex,SRP-2309-75-PRO-CC,244,64,32,medium,220_240v_ac
1442100200,LED Converter Linear Drive 100/A 12/24V 100W 4x2A,287.0,28,instock,simple,publish,LED Treiber,LED CONVERTER ELDO 100/A,,388,42,30,100,cv,,,,other,Eldoled,LIN100A1,388,42,30,large,220_240v_ac
1442100201,LED Converter Linear Drive 100/S 12/24V 100W 4x2A,1.0,0,outofstock,simple,publish,LED Treiber,LED CONVERTER ELDO 100/A,,230,80,30,100,cv,,,,other,Eldoled,LIN100S1,230,80,30,medium,220_240v_ac
1442100202,LED Converter Power Drive 1060/A 200-1050mA 100W 4K,1.0,0,outofstock,simple,publish,LED Treiber,LED CONVERTER POWER DRIVE 1060/A 200-1050MA 100W 4K,,388,42,30,100,cc,,200-1050mA,,other,Eldoled,PW1060A1,388,42,30,large,220_240v_ac
1442150200,LED Converter SRPN 150W 24V DALI2 DT8 RGBW,92.0,0,outofstock,simple,publish,LED Treiber,STEUERGERÄT 4 KANAL SIMPEX,,365.6,43,30,150,cv,dali,,,other,Simpex,SRPN-2309-150-RGBW-24V,365.6,43,30,large,220_240v_ac
1442180200,LED Converter Linear Drive 180/D 12/24V 180W 6A,87.0,7,instock,simple,publish,LED Treiber,LED CONVERTER ELDO 180,,153,50,23,180,cv,,,,other,Eldoled,LIN180D3,153,50,23,medium,220_240v_ac
1442180201,LED Converter Power Drive 180/D 200-1400mA 180W,133.0,5,instock,simple,publish,LED Treiber,KONTROLLE ELDO,,193,50,23,180,cc,,200-1400mA,,other,Eldoled,PWR180D2,193,50,23,medium,220_240v_ac
1442200200,LED Converter SRP 200W 24V DALI DT8 RGBW 4in1,178.0,8,instock,simple,publish,LED Treiber,STEUERGERÄT 4 KANAL,,244,64,32,200,cv,dali,,,other,Simpex,SRP-2309-200-PRO-24V,244,64,32,medium,220_240v_ac
1442720200,LED Converter Linear Drive 720/D 12/24V 720W 4x6A,153.0,0,outofstock,simple,publish,LED Treiber,LED CONVERTER ELDO 720/D,,153,50,23,720,cv,,,,other,Eldoled,LIN720D3,153,50,23,medium,220_240v_ac
1446000200,LED Converter DALI-PWM Signal DAP-04,53.0,0,outofstock,simple,publish,LED Treiber,STEUERGERÄT 4 KANAL,,165,45,23,,,dali,,,other,Simpex,DAP-04-S01,165,45,23,medium,220_240v_ac
2175001000,LED Converter zu DASH 50W 300-1050mA INTRACK ws,83.0,0,outofstock,simple,publish,LED Treiber,CONVERTER DASH SMART TREIBER GR6D-15,,672,13.8,31.5,50,cc,,300-1050mA,,other,Neko,DS-W-GR6D-50W-300-1050-F,672,13.8,31.5,large,220_240v_ac
2175002000,LED Converter zu DASH 50W 350-1050mA INTRACK sw,90.0,0,outofstock,simple,publish,LED Treiber,CONVERTER DASH SMART TREIBER GR6D-15,,672,13.8,31.5,50,cc,,350-1050mA,,other,Neko,DS-B-GR6D-50W-350-1050-F,672,13.8,31.5,large,220_240v_ac
2185001000,LED Converter zu DASH 50.4W 300-1050mA INTRACK ws DA,110.0,0,outofstock,simple,publish,LED Treiber,CONVERTER DASH DASH SMART INTRACK TREIBER NEKO,,672,13.8,31.5,50.4,cc,,300-1050mA,,other,Neko,DS-W-GR6D-50W-300-1050-D,672,13.8,31.5,large,220_240v_ac
2185002000,LED Converter zu DASH 50.4W 350-1050mA INTRACK sw DA,96.0,3,instock,simple,publish,LED Treiber,CONVERTER DASH DASH SMART INTRACK TREIBER NEKO,,672,13.8,31.5,50.4,cc,,350-1050mA,,other,Neko,DS-B-GR6D-50W-350-1050-D,672,13.8,31.5,large,220_240v_ac
